order_id,order_date,sales_date,ship_date,ship_mode,outlet_type,year,customer_id,customer_name,date_of_birth,segment,product_id,product_name,category_of_goods,sub_category,location_id,country,region,state,city_type,postal_code,sale_id,sales,quantity,discount,profit
ORD000001,13-04-2020,11-03-2023,18-04-2020,Same Day,Large,2023,CUST000001,Curtis Krause,29-11-1973,Consumer,PROD000001,Burgers - 718,Fast Food,Burgers,87,India,East,West Bengal,Tier 1,700001,1,3344.69,3,0.09,448.24
ORD000002,08-01-2021,09-09-2023,11-01-2021,Standard Class,Medium,2022,CUST000002,Jeremy Foster,30-08-1987,Corporate,PROD000002,Pizzas - 519,Fast Food,Pizzas,71,India,East,Punjab,Tier 2,160001,2,37094.41,5,0.39,3134.34
ORD000003,11-08-2020,15-08-2022,16-08-2020,Second Class,Large,2023,CUST000003,Ariel Mccann,15-12-1980,Consumer,PROD000003,Fans - 395,Electric Appliances,Fans,120,India,South,Gujarat,Village,380001,3,35501.08,6,0.07,8324.21
ORD000004,10-10-2021,23-01-2021,16-10-2021,First Class,Medium,2021,CUST000004,Colleen Maynard,23-05-1989,Corporate,PROD000004,Milk - 798,Dairy Products,Milk,103,India,East,West Bengal,Village,700001,4,8969.33,4,0.18,1962.66
ORD000005,22-01-2019,24-12-2020,25-01-2019,Standard Class,Small,2021,CUST000005,Gina Holden,31-12-1957,Consumer,PROD000005,Tomatoes - 442,Sessional Fruits & Vegetables,Tomatoes,95,India,West,Delhi,Village,110001,5,35530.44,4,0.27,2843.93
ORD000006,18-12-2019,13-03-2019,22-12-2019,Second Class,Large,2019,CUST000006,Danny Stevenson,25-02-1967,Consumer,PROD000006,Milk - 915,Dairy Products,Milk,102,India,South,Tamil Nadu,Tier 2,600001,6,420.76,4,0.5,57.36
ORD000007,21-12-2020,23-11-2022,23-12-2020,Standard Class,Medium,2022,CUST000007,Stephanie Mccoy,19-10-2003,Consumer,PROD000007,Yogurt - 733,Dairy Products,Yogurt,83,India,North,Gujarat,Tier 2,380001,7,31588.07,6,0.38,2834.07
ORD000008,12-11-2021,11-03-2019,14-11-2021,Standard Class,Small,2021,CUST000008,Henry Cruz,22-05-2013,Consumer,PROD000008,Washing Machines - 559,Electric Appliances,Washing Machines,108,India,West,Rajasthan,Tier 2,302001,8,4419.87,10,0.21,691.42
ORD000009,09-03-2021,14-06-2020,10-03-2021,First Class,Large,2023,CUST000009,Kristen Lutz,08-07-2005,Corporate,PROD000009,Milk - 232,Dairy Products,Milk,43,India,South,West Bengal,Tier 2,700001,9,41494.09,2,0.09,8083.35
ORD000010,15-03-2022,30-09-2022,20-03-2022,Same Day,Medium,2022,CUST000010,Gregory Cuevas,10-04-1981,Corporate,PROD000010,Beds - 553,Furniture,Beds,4,India,South,Gujarat,Tier 1,380001,10,39717.64,3,0.27,4849.97
ORD000011,21-03-2021,25-10-2021,28-03-2021,Second Class,Medium,2019,CUST000011,Sara Yang,29-04-1956,Corporate,PROD000011,Pizzas - 134,Fast Food,Pizzas,28,India,West,Uttar Pradesh,Village,226001,11,42842.38,2,0.15,6385.44
ORD000012,19-07-2021,08-06-2023,21-07-2021,Standard Class,Small,2022,CUST000012,Kenneth Johnson,12-04-1954,Consumer,PROD000012,Mangoes - 756,Sessional Fruits & Vegetables,Mangoes,69,India,North,Madhya Pradesh,Village,462001,12,1036.8,10,0.32,157.6
ORD000013,30-07-2022,01-10-2021,03-08-2022,Standard Class,Small,2023,CUST000013,Charles Krueger,02-07-2004,Corporate,PROD000013,Chairs - 116,Furniture,Chairs,55,India,West,Punjab,Village,160001,13,39274.36,7,0.3,6536.93
ORD000014,09-02-2019,10-01-2023,16-02-2019,Standard Class,Small,2023,CUST000014,Brenda Campbell,26-03-1952,Corporate,PROD000014,Milk - 308,Dairy Products,Milk,45,India,West,Karnataka,Tier 2,560001,14,31690.81,5,0.1,3772.86
ORD000015,09-05-2023,06-05-2019,12-05-2023,Same Day,Large,2022,CUST000015,Michael Smith,24-07-1964,Consumer,PROD000015,Milk - 268,Dairy Products,Milk,113,India,West,Rajasthan,Village,302001,15,40712.36,9,0.26,6108.43
ORD000016,11-11-2022,26-05-2021,17-11-2022,Second Class,Small,2019,CUST000016,Cheryl Stewart,21-10-1950,Corporate,PROD000016,Fries - 141,Fast Food,Fries,5,India,North,West Bengal,Village,700001,16,34269.7,1,0.35,4144.5
ORD000017,28-02-2023,18-09-2021,05-03-2023,Standard Class,Large,2020,CUST000017,Timothy Harris,20-09-2015,Consumer,PROD000017,Washing Machines - 193,Electric Appliances,Washing Machines,53,India,South,Maharashtra,Tier 1,400001,17,41271.24,8,0.4,5106.34
ORD000018,03-03-2022,06-09-2023,06-03-2022,Second Class,Small,2020,CUST000018,Charlene Blair,12-09-1951,Corporate,PROD000018,Mops - 703,Household Items,Mops,13,India,North,Uttar Pradesh,Tier 1,226001,18,3896.21,6,0.23,868.88
ORD000019,01-01-2020,24-08-2019,05-01-2020,Standard Class,Small,2023,CUST000019,Dustin Fuentes,12-08-1964,Consumer,PROD000019,Buckets - 998,Household Items,Buckets,13,India,North,Uttar Pradesh,Tier 1,226001,19,15902.47,2,0.24,2192.64
ORD000020,17-06-2019,27-02-2023,23-06-2019,Second Class,Small,2022,CUST000020,Mary Johnson,25-04-1986,Consumer,PROD000020,Utensils - 520,Household Items,Utensils,46,India,North,West Bengal,Tier 1,700001,20,14846.9,8,0.27,2578.04
ORD000021,26-08-2020,12-04-2021,30-08-2020,Second Class,Large,2022,CUST000021,Christie Pearson,11-10-1965,Corporate,PROD000021,Detergents - 355,Household Items,Detergents,71,India,East,Punjab,Tier 2,160001,21,756.96,6,0.5,61.95
ORD000022,04-11-2019,11-12-2020,11-11-2019,First Class,Medium,2023,CUST000022,Patricia Hicks,04-06-1960,Corporate,PROD000022,Cheese - 717,Dairy Products,Cheese,78,India,North,Rajasthan,Tier 1,302001,22,9172.02,1,0.07,2279.66
ORD000023,03-12-2023,03-06-2021,06-12-2023,Standard Class,Medium,2023,CUST000023,Steven Perkins,12-11-1962,Corporate,PROD000023,Detergents - 234,Household Items,Detergents,37,India,South,Punjab,Tier 2,160001,23,34292.47,3,0.03,9599.41
ORD000024,15-04-2021,26-09-2021,22-04-2021,Second Class,Medium,2021,CUST000024,Robert Nicholson,13-08-2005,Corporate,PROD000024,Pizzas - 503,Fast Food,Pizzas,22,India,East,Rajasthan,Village,302001,24,35973.08,5,0.47,5195.63
ORD000025,07-02-2023,01-10-2022,12-02-2023,First Class,Large,2023,CUST000025,Julie Phillips,15-06-1976,Consumer,PROD000025,Carrots - 967,Sessional Fruits & Vegetables,Carrots,58,India,North,Karnataka,Tier 2,560001,25,44383.63,6,0.43,3482.54
ORD000026,27-04-2019,19-12-2021,01-05-2019,First Class,Large,2019,CUST000026,Michael David,11-12-1956,Consumer,PROD000026,Washing Machines - 786,Electric Appliances,Washing Machines,71,India,East,Punjab,Tier 2,160001,26,4404.37,3,0.47,397.14
ORD000027,20-12-2021,31-12-2019,24-12-2021,Standard Class,Medium,2020,CUST000027,Shelly Thomas,09-06-1972,Corporate,PROD000027,Fans - 604,Electric Appliances,Fans,65,India,East,Uttar Pradesh,Village,226001,27,34934.14,9,0.46,4657.61
ORD000028,06-04-2019,05-11-2021,13-04-2019,Same Day,Medium,2020,CUST000028,Dale Miller,29-09-1987,Consumer,PROD000028,Mops - 802,Household Items,Mops,101,India,North,Madhya Pradesh,Tier 1,462001,28,2361.71,5,0.38,373.96
ORD000029,20-02-2022,26-01-2019,25-02-2022,Same Day,Small,2021,CUST000029,Megan Davis,06-07-2012,Consumer,PROD000029,Detergents - 137,Household Items,Detergents,37,India,South,Punjab,Tier 2,160001,29,24468.77,9,0.3,3914.79
ORD000030,20-05-2019,25-12-2021,27-05-2019,Same Day,Small,2019,CUST000030,Michael Stephenson,22-12-1966,Corporate,PROD000030,Utensils - 709,Household Items,Utensils,42,India,North,Punjab,Village,160001,30,16716.48,2,0.39,1748.93
ORD000031,05-03-2019,13-05-2022,10-03-2019,Same Day,Medium,2020,CUST000031,Natasha Murray,21-04-1967,Consumer,PROD000031,Apples - 653,Sessional Fruits & Vegetables,Apples,54,India,South,Delhi,Tier 2,110001,31,6167.65,3,0.29,583.15
ORD000032,25-05-2023,27-09-2022,28-05-2023,First Class,Large,2021,CUST000032,William Duran,02-09-1972,Consumer,PROD000032,Burgers - 387,Fast Food,Burgers,53,India,South,Maharashtra,Tier 1,400001,32,44969.55,2,0.11,9788.65
ORD000033,10-12-2023,28-05-2020,11-12-2023,Same Day,Medium,2022,CUST000033,Gregg Perkins,25-01-2007,Consumer,PROD000033,Tables - 303,Furniture,Tables,66,India,South,Rajasthan,Village,302001,33,38388.24,2,0.14,3832.45
ORD000034,28-07-2023,13-01-2023,02-08-2023,First Class,Medium,2022,CUST000034,Lori Phillips,03-01-1968,Consumer,PROD000034,Washing Machines - 352,Electric Appliances,Washing Machines,91,India,West,Gujarat,Tier 1,380001,34,4999.82,8,0.36,867.85
ORD000035,27-01-2023,28-03-2019,30-01-2023,Standard Class,Large,2022,CUST000035,Brooke Lowe,20-06-1964,Consumer,PROD000035,Buckets - 271,Household Items,Buckets,10,India,West,Gujarat,Tier 2,380001,35,32193.01,7,0.08,4603.52
ORD000036,02-09-2023,10-10-2022,03-09-2023,Second Class,Small,2023,CUST000036,Kevin Moore,09-11-1960,Corporate,PROD000036,Yogurt - 185,Dairy Products,Yogurt,15,India,North,Gujarat,Village,380001,36,33453.57,8,0.43,5456.87
ORD000037,09-12-2019,19-12-2019,10-12-2019,Second Class,Large,2022,CUST000037,Sandy Miller,26-11-1974,Consumer,PROD000037,Chairs - 859,Furniture,Chairs,26,India,South,Karnataka,Tier 1,560001,37,41830.92,5,0.22,5209.41
ORD000038,20-12-2021,28-12-2023,26-12-2021,Second Class,Medium,2019,CUST000038,Morgan Greene,24-05-2007,Corporate,PROD000038,Buckets - 597,Household Items,Buckets,81,India,South,Karnataka,Village,560001,38,31602.21,3,0.49,2620.14
ORD000039,25-02-2021,21-04-2023,27-02-2021,Standard Class,Medium,2019,CUST000039,Kevin Terrell,12-03-1950,Consumer,PROD000039,Fans - 681,Electric Appliances,Fans,13,India,North,Uttar Pradesh,Tier 1,226001,39,7903.34,3,0.06,1187.42
ORD000040,23-09-2021,19-05-2020,29-09-2021,First Class,Large,2021,CUST000040,Jeanne Gonzales,28-08-1998,Corporate,PROD000040,Mops - 154,Household Items,Mops,120,India,South,Gujarat,Village,380001,40,23667.32,2,0.07,3631.17
ORD000041,09-02-2023,17-04-2022,15-02-2023,Same Day,Large,2023,CUST000041,Kayla Rivera,01-11-1961,Corporate,PROD000041,Chairs - 420,Furniture,Chairs,34,India,North,Punjab,Tier 2,160001,41,39762.15,10,0.03,6437.84
ORD000042,21-03-2019,17-05-2019,22-03-2019,Second Class,Medium,2021,CUST000042,Michelle Green,02-09-1982,Consumer,PROD000042,Cheese - 499,Dairy Products,Cheese,19,India,North,Punjab,Tier 1,160001,42,10843.03,7,0.08,2550.74
ORD000043,15-07-2022,14-12-2022,20-07-2022,Standard Class,Small,2021,CUST000043,Timothy Morrow,23-09-1983,Consumer,PROD000043,Sandwiches - 116,Fast Food,Sandwiches,33,India,South,Delhi,Tier 1,110001,43,35014.14,8,0.19,6929.86
ORD000044,21-10-2021,18-08-2019,27-10-2021,First Class,Medium,2020,CUST000044,Richard Simmons,20-04-2007,Corporate,PROD000044,Yogurt - 508,Dairy Products,Yogurt,58,India,North,Karnataka,Tier 2,560001,44,49912.22,3,0,7076.5
ORD000045,25-11-2021,31-10-2020,27-11-2021,First Class,Small,2023,CUST000045,Joseph Jones,07-05-1963,Consumer,PROD000045,Pizzas - 959,Fast Food,Pizzas,1,India,East,Tamil Nadu,Tier 2,600001,45,11595.62,6,0.02,1819.63
ORD000046,16-08-2023,05-07-2019,23-08-2023,First Class,Medium,2019,CUST000046,Joshua Welch,08-05-2003,Consumer,PROD000046,Refrigerators - 446,Electric Appliances,Refrigerators,117,India,North,Karnataka,Village,560001,46,40938.72,7,0.32,4902.81
ORD000047,25-11-2019,10-06-2021,27-11-2019,Standard Class,Small,2023,CUST000047,Victoria Lang,06-07-1951,Corporate,PROD000047,Mangoes - 601,Sessional Fruits & Vegetables,Mangoes,108,India,West,Rajasthan,Tier 2,302001,47,43356.81,10,0.14,6415
ORD000048,12-02-2020,29-05-2023,18-02-2020,Same Day,Small,2019,CUST000048,Amy Armstrong,14-03-1966,Consumer,PROD000048,Butter - 376,Dairy Products,Butter,103,India,East,West Bengal,Village,700001,48,37449.42,1,0.4,5330.17
ORD000049,07-07-2021,09-12-2022,12-07-2021,First Class,Large,2022,CUST000049,Amber Ramirez,25-04-1979,Consumer,PROD000049,Washing Machines - 314,Electric Appliances,Washing Machines,5,India,North,West Bengal,Village,700001,49,378.65,6,0.44,30.32
ORD000050,20-01-2020,18-09-2019,23-01-2020,Standard Class,Small,2021,CUST000050,Patrick Hickman,30-01-2012,Corporate,PROD000050,Detergents - 724,Household Items,Detergents,25,India,West,Karnataka,Village,560001,50,4596.06,1,0.09,566.91
ORD000051,20-05-2020,03-06-2023,23-05-2020,Second Class,Large,2019,CUST000051,Misty Fletcher,30-10-1956,Consumer,PROD000051,Utensils - 165,Household Items,Utensils,30,India,East,Rajasthan,Tier 1,302001,51,15945.03,9,0.41,2139.78
ORD000052,14-02-2020,26-02-2022,20-02-2020,Same Day,Small,2021,CUST000052,Michelle Lozano,20-07-1971,Corporate,PROD000052,Buckets - 443,Household Items,Buckets,65,India,East,Uttar Pradesh,Village,226001,52,45056.72,5,0.25,4495.91
ORD000053,13-03-2019,15-01-2021,15-03-2019,Standard Class,Small,2023,CUST000053,Kristen Yang,06-07-1981,Consumer,PROD000053,Yogurt - 729,Dairy Products,Yogurt,100,India,East,Rajasthan,Tier 2,302001,53,14187.47,8,0.17,3102.02
ORD000054,20-06-2023,10-01-2022,23-06-2023,Standard Class,Large,2019,CUST000054,Michael Ortega,19-09-2003,Corporate,PROD000054,Mangoes - 152,Sessional Fruits & Vegetables,Mangoes,108,India,West,Rajasthan,Tier 2,302001,54,3119.4,9,0.1,399.27
ORD000055,07-10-2020,16-03-2019,08-10-2020,Standard Class,Large,2022,CUST000055,Nancy Wilson,19-10-1974,Corporate,PROD000055,Buckets - 259,Household Items,Buckets,24,India,West,Rajasthan,Tier 1,302001,55,5552.12,1,0.17,601.64
ORD000056,22-03-2022,08-04-2023,28-03-2022,Same Day,Small,2022,CUST000056,Jay Bell,18-06-1983,Corporate,PROD000056,Washing Machines - 208,Electric Appliances,Washing Machines,106,India,East,Karnataka,Village,560001,56,46089.88,3,0.32,3186.9
ORD000057,09-11-2021,13-08-2021,12-11-2021,Same Day,Medium,2022,CUST000057,John Miles,14-03-1999,Consumer,PROD000057,Cheese - 104,Dairy Products,Cheese,59,India,South,Karnataka,Tier 2,560001,57,41202.61,3,0.38,3039.9
ORD000058,26-06-2019,28-12-2019,30-06-2019,Standard Class,Small,2019,CUST000058,Courtney Mejia,14-09-1958,Consumer,PROD000058,Washing Machines - 479,Electric Appliances,Washing Machines,115,India,East,Punjab,Village,160001,58,35606.55,4,0.42,3162.47
ORD000059,04-05-2021,29-11-2021,10-05-2021,First Class,Large,2020,CUST000059,Sharon Gonzalez,08-03-2001,Corporate,PROD000059,Cheese - 151,Dairy Products,Cheese,5,India,North,West Bengal,Village,700001,59,25717.31,7,0.08,4469.55
ORD000060,06-08-2020,17-10-2023,08-08-2020,First Class,Medium,2022,CUST000060,Thomas Hill,23-02-1962,Corporate,PROD000060,Milk - 931,Dairy Products,Milk,83,India,North,Gujarat,Tier 2,380001,60,18052.48,2,0.35,1386.25
ORD000061,01-08-2019,17-08-2020,02-08-2019,Second Class,Large,2023,CUST000061,Jeffrey Lopez,15-10-2000,Corporate,PROD000061,Tables - 189,Furniture,Tables,46,India,North,West Bengal,Tier 1,700001,61,24074.86,1,0.14,4149.35
ORD000062,12-05-2020,17-02-2023,19-05-2020,Same Day,Large,2021,CUST000062,Chad Holmes,10-03-1981,Consumer,PROD000062,Yogurt - 255,Dairy Products,Yogurt,73,India,East,Gujarat,Tier 1,380001,62,17103.72,10,0.35,1522.18
ORD000063,15-07-2023,07-01-2022,17-07-2023,Standard Class,Large,2021,CUST000063,Laura Koch,15-06-1999,Corporate,PROD000063,Mangoes - 242,Sessional Fruits & Vegetables,Mangoes,14,India,South,West Bengal,Tier 1,700001,63,33223,2,0.47,4928.08
ORD000064,09-06-2020,25-11-2023,13-06-2020,First Class,Large,2021,CUST000064,Laura Johnson,06-04-1961,Consumer,PROD000064,Microwaves - 604,Electric Appliances,Microwaves,11,India,South,Madhya Pradesh,Village,462001,64,5549.65,3,0.29,563.06
ORD000065,19-04-2022,04-09-2021,23-04-2022,First Class,Medium,2023,CUST000065,Daniel Clark,02-04-1973,Consumer,PROD000065,Sofas - 774,Furniture,Sofas,55,India,West,Punjab,Village,160001,65,1941.21,7,0.24,303.42
ORD000066,22-07-2020,23-10-2019,23-07-2020,Same Day,Large,2022,CUST000066,Katherine Clark,13-07-1966,Consumer,PROD000066,Utensils - 909,Household Items,Utensils,111,India,North,Maharashtra,Tier 2,400001,66,5961.75,10,0.47,403.06
ORD000067,05-01-2019,10-09-2019,10-01-2019,First Class,Large,2022,CUST000067,Dustin Bryant,14-05-1981,Corporate,PROD000067,Fans - 477,Electric Appliances,Fans,2,India,West,Madhya Pradesh,Village,462001,67,15033.44,3,0.15,2058.14
ORD000068,07-09-2021,31-08-2022,14-09-2021,Second Class,Medium,2022,CUST000068,Victor Hall,09-02-2009,Consumer,PROD000068,Fans - 691,Electric Appliances,Fans,65,India,East,Uttar Pradesh,Village,226001,68,21552.93,5,0.37,1492.29
ORD000069,01-05-2023,16-12-2023,08-05-2023,First Class,Medium,2021,CUST000069,Rebecca Lawrence,14-05-2005,Corporate,PROD000069,Cheese - 211,Dairy Products,Cheese,70,India,North,Uttar Pradesh,Tier 2,226001,69,4878.15,7,0.31,468.53
ORD000070,07-06-2022,30-08-2019,10-06-2022,Same Day,Medium,2020,CUST000070,Kara Galvan,20-03-1970,Corporate,PROD000070,Milk - 150,Dairy Products,Milk,39,India,East,Karnataka,Tier 2,560001,70,46801.69,10,0.45,6319.46
ORD000071,06-08-2023,17-02-2023,08-08-2023,Second Class,Small,2019,CUST000071,Anthony Fox,01-11-1994,Corporate,PROD000071,Fries - 887,Fast Food,Fries,69,India,North,Madhya Pradesh,Village,462001,71,22971.7,1,0.29,3182.37
ORD000072,21-05-2021,10-05-2020,26-05-2021,Standard Class,Medium,2021,CUST000072,Teresa Adams,04-11-1954,Corporate,PROD000072,Tomatoes - 186,Sessional Fruits & Vegetables,Tomatoes,63,India,West,Maharashtra,Tier 1,400001,72,49342.22,10,0.29,7270.12
ORD000073,12-01-2022,21-06-2022,13-01-2022,Standard Class,Large,2019,CUST000073,Evelyn Parker,16-10-1978,Corporate,PROD000073,Pizzas - 144,Fast Food,Pizzas,59,India,South,Karnataka,Tier 2,560001,73,4357.85,4,0.38,299.28
ORD000074,20-11-2023,11-06-2023,23-11-2023,Same Day,Small,2021,CUST000074,Elizabeth Hammond,13-10-1988,Corporate,PROD000074,Fans - 113,Electric Appliances,Fans,63,India,West,Maharashtra,Tier 1,400001,74,37866.05,1,0.07,9406.68
ORD000075,24-09-2022,19-05-2021,30-09-2022,First Class,Large,2021,CUST000075,Denise Lynch,24-02-1958,Consumer,PROD000075,Fries - 353,Fast Food,Fries,102,India,South,Tamil Nadu,Tier 2,600001,75,10613.65,6,0.04,2632.64
ORD000076,14-12-2021,24-02-2021,21-12-2021,Same Day,Small,2022,CUST000076,Carrie Nguyen,03-12-1988,Corporate,PROD000076,Fans - 994,Electric Appliances,Fans,114,India,West,Madhya Pradesh,Tier 1,462001,76,34132.43,6,0.04,8067.39
ORD000077,09-01-2023,13-03-2020,12-01-2023,Standard Class,Medium,2021,CUST000077,Danielle Ramirez,27-12-1995,Consumer,PROD000077,Butter - 442,Dairy Products,Butter,113,India,West,Rajasthan,Village,302001,77,32935.9,8,0.38,5988.54
ORD000078,11-12-2021,15-03-2022,14-12-2021,First Class,Small,2020,CUST000078,Jennifer Cox,22-11-1980,Corporate,PROD000078,Pizzas - 609,Fast Food,Pizzas,21,India,West,Uttar Pradesh,Tier 2,226001,78,22501.5,9,0.49,2189.44
ORD000079,17-06-2019,27-07-2019,24-06-2019,Standard Class,Large,2021,CUST000079,Anita Smith,15-12-2005,Corporate,PROD000079,Cheese - 516,Dairy Products,Cheese,61,India,West,Tamil Nadu,Tier 1,600001,79,4064.52,10,0.31,369.06
ORD000080,21-06-2020,18-06-2019,27-06-2020,Second Class,Small,2019,CUST000080,John Williams,03-04-1954,Corporate,PROD000080,Tables - 457,Furniture,Tables,58,India,North,Karnataka,Tier 2,560001,80,19218.16,3,0.22,2588.25
ORD000081,30-05-2021,05-09-2023,04-06-2021,First Class,Large,2020,CUST000081,Karen Browning,23-06-1989,Corporate,PROD000081,Yogurt - 526,Dairy Products,Yogurt,85,India,North,West Bengal,Tier 2,700001,81,21489.08,2,0.25,2286.15
ORD000082,02-12-2022,01-12-2022,09-12-2022,Second Class,Large,2022,CUST000082,Kathryn Lee,02-03-2009,Consumer,PROD000082,Microwaves - 404,Electric Appliances,Microwaves,20,India,East,Gujarat,Village,380001,82,2183.3,3,0.49,205.17
ORD000083,15-01-2023,22-12-2022,21-01-2023,Standard Class,Large,2020,CUST000083,John May,09-10-1957,Corporate,PROD000083,Burgers - 865,Fast Food,Burgers,76,India,West,Punjab,Tier 1,160001,83,4252.58,2,0.04,830.09
ORD000084,15-03-2020,04-05-2019,18-03-2020,Standard Class,Large,2021,CUST000084,Michael King,16-04-1989,Consumer,PROD000084,Refrigerators - 530,Electric Appliances,Refrigerators,54,India,South,Delhi,Tier 2,110001,84,12502.21,10,0.49,1738.42
ORD000085,20-02-2019,23-07-2019,24-02-2019,Standard Class,Medium,2020,CUST000085,Jessica Ruiz,17-08-1981,Consumer,PROD000085,Utensils - 513,Household Items,Utensils,90,India,East,Maharashtra,Tier 2,400001,85,44441.84,5,0.5,4751.11
ORD000086,21-08-2021,25-05-2021,27-08-2021,Standard Class,Small,2021,CUST000086,Carlos Moore,19-09-2007,Corporate,PROD000086,Yogurt - 943,Dairy Products,Yogurt,65,India,East,Uttar Pradesh,Village,226001,86,2951.07,8,0.37,504.53
ORD000087,09-07-2021,10-12-2023,15-07-2021,Second Class,Small,2023,CUST000087,Tiffany Bautista,03-10-2003,Corporate,PROD000087,Yogurt - 154,Dairy Products,Yogurt,61,India,West,Tamil Nadu,Tier 1,600001,87,33732.85,7,0.3,5107.71
ORD000177,14-04-2022,24-11-2022,19-04-2022,Standard Class,Large,2022,CUST000177,Harold Hanson,26-02-1998,Consumer,PROD000177,Fries - 951,Fast Food,Fries,83,India,North,Gujarat,Tier 2,380001,177,32278.59,1,0.02,4702.26
ORD000178,25-07-2023,24-02-2019,31-07-2023,Same Day,Small,2022,CUST000178,Dominique Williams,08-03-2017,Consumer,PROD000178,Utensils - 875,Household Items,Utensils,114,India,West,Madhya Pradesh,Tier 1,462001,178,36785.5,4,0.45,5709.43
ORD000179,02-01-2022,30-06-2023,08-01-2022,Standard Class,Large,2020,CUST000179,Holly Prince,11-12-1959,Corporate,PROD000179,Chairs - 719,Furniture,Chairs,87,India,East,West Bengal,Tier 1,700001,179,36436.9,7,0.46,2689.11
ORD000180,17-03-2022,19-02-2019,22-03-2022,Second Class,Medium,2020,CUST000180,Donald Russell,20-04-2008,Consumer,PROD000180,Mops - 653,Household Items,Mops,39,India,East,Karnataka,Tier 2,560001,180,37866.82,3,0.45,6119.52
ORD000181,17-01-2023,31-07-2020,18-01-2023,Same Day,Small,2020,CUST000181,Gerald Welch,12-05-1959,Consumer,PROD000181,Apples - 351,Sessional Fruits & Vegetables,Apples,112,India,North,Delhi,Village,110001,181,37390.63,4,0.04,10260.31
ORD000182,22-11-2023,15-09-2021,23-11-2023,Standard Class,Small,2023,CUST000182,Connie Smith,13-01-1962,Corporate,PROD000182,Butter - 865,Dairy Products,Butter,24,India,West,Rajasthan,Tier 1,302001,182,21275.13,1,0.24,3138.95
ORD000183,12-04-2019,09-12-2021,16-04-2019,Second Class,Large,2023,CUST000183,Sean Tucker,07-09-1958,Corporate,PROD000183,Yogurt - 548,Dairy Products,Yogurt,77,India,East,Uttar Pradesh,Tier 2,226001,183,14971.65,10,0.1,1597.53
ORD000184,26-06-2020,08-07-2020,01-07-2020,First Class,Small,2019,CUST000184,Douglas West,08-04-1995,Consumer,PROD000184,Butter - 270,Dairy Products,Butter,97,India,West,Karnataka,Tier 1,560001,184,11013.05,5,0.22,1052.08
ORD000185,19-08-2021,06-11-2021,22-08-2021,First Class,Medium,2021,CUST000185,Cynthia Nguyen,28-02-1987,Consumer,PROD000185,Fans - 783,Electric Appliances,Fans,87,India,East,West Bengal,Tier 1,700001,185,30336.31,5,0.02,5036.71
ORD000186,18-01-2020,04-10-2022,20-01-2020,Second Class,Medium,2019,CUST000186,Andres Obrien,28-10-1951,Consumer,PROD000186,Buckets - 701,Household Items,Buckets,96,India,South,Tamil Nadu,Tier 1,600001,186,37770.09,3,0.3,7260.82
ORD000187,03-04-2023,01-04-2020,10-04-2023,Second Class,Medium,2019,CUST000187,Sarah Lewis,27-03-1950,Consumer,PROD000187,Refrigerators - 375,Electric Appliances,Refrigerators,2,India,West,Madhya Pradesh,Village,462001,187,44988.87,10,0.38,4819.17
ORD000188,01-10-2019,28-01-2019,04-10-2019,First Class,Small,2020,CUST000188,Debra Barajas,27-12-2012,Consumer,PROD000188,Sandwiches - 883,Fast Food,Sandwiches,22,India,East,Rajasthan,Village,302001,188,34227.12,2,0.31,5196.62
ORD000189,17-09-2020,16-10-2019,18-09-2020,First Class,Large,2019,CUST000189,Justin Rodriguez,29-09-2008,Corporate,PROD000189,Sandwiches - 223,Fast Food,Sandwiches,98,India,South,Delhi,Village,110001,189,44830.29,1,0.3,4678.01
ORD000190,24-04-2021,11-08-2023,25-04-2021,Second Class,Small,2021,CUST000190,Joshua Miller,16-06-1985,Consumer,PROD000190,Beds - 105,Furniture,Beds,59,India,South,Karnataka,Tier 2,560001,190,33501.11,10,0.41,2680.21
ORD000191,06-03-2019,19-03-2023,09-03-2019,Same Day,Large,2023,CUST000191,Amanda Burns,20-04-2008,Corporate,PROD000191,Burgers - 746,Fast Food,Burgers,49,India,West,Maharashtra,Tier 2,400001,191,8040.66,9,0.49,1068.9
ORD000192,16-12-2022,09-04-2021,18-12-2022,Second Class,Large,2023,CUST000192,Karen Combs,05-04-2014,Corporate,PROD000192,Buckets - 288,Household Items,Buckets,106,India,East,Karnataka,Village,560001,192,7410.53,1,0.46,443.88
ORD000193,25-09-2020,09-10-2022,02-10-2020,Second Class,Medium,2019,CUST000193,Tiffany Kennedy,03-02-1985,Consumer,PROD000193,Refrigerators - 833,Electric Appliances,Refrigerators,110,India,East,Tamil Nadu,Village,600001,193,15340.33,7,0.11,2650.55
ORD000194,14-12-2020,03-07-2019,17-12-2020,Second Class,Medium,2021,CUST000194,Pamela Blake,25-05-1966,Corporate,PROD000194,Chairs - 399,Furniture,Chairs,76,India,West,Punjab,Tier 1,160001,194,49187.75,9,0.11,8137.07
ORD000195,27-01-2021,29-10-2019,30-01-2021,Same Day,Small,2019,CUST000195,Janet Yates,19-05-2006,Consumer,PROD000195,Cheese - 237,Dairy Products,Cheese,90,India,East,Maharashtra,Tier 2,400001,195,41845.8,2,0.3,8634.98
ORD000196,14-07-2019,30-09-2021,17-07-2019,First Class,Small,2019,CUST000196,Molly Rasmussen,12-03-1970,Corporate,PROD000196,Cheese - 309,Dairy Products,Cheese,32,India,North,Maharashtra,Tier 1,400001,196,42276.88,4,0.11,6998.46
ORD000197,30-12-2020,23-07-2019,05-01-2021,Standard Class,Large,2022,CUST000197,Desiree Curtis,09-08-1971,Corporate,PROD000197,Yogurt - 385,Dairy Products,Yogurt,4,India,South,Gujarat,Tier 1,380001,197,13581.42,9,0.22,1136.43
ORD000198,30-01-2022,07-06-2019,05-02-2022,Same Day,Medium,2021,CUST000198,Christian Ellison,20-11-1986,Consumer,PROD000198,Cheese - 312,Dairy Products,Cheese,15,India,North,Gujarat,Village,380001,198,20895.23,6,0.03,5059.11
ORD000199,11-10-2022,15-05-2023,14-10-2022,Standard Class,Medium,2019,CUST000199,Rachel Adams,01-09-1964,Corporate,PROD000199,Burgers - 980,Fast Food,Burgers,105,India,East,Madhya Pradesh,Tier 1,462001,199,11775.25,6,0.29,1847.35
ORD000200,17-07-2021,27-05-2021,23-07-2021,Standard Class,Small,2020,CUST000200,Morgan Parsons,12-08-1998,Consumer,PROD000200,Milk - 224,Dairy Products,Milk,21,India,West,Uttar Pradesh,Tier 2,226001,200,8874.03,10,0.37,586.36
ORD000201,10-01-2020,02-11-2023,14-01-2020,Standard Class,Medium,2020,CUST000201,Brittney Evans,06-12-1972,Consumer,PROD000201,Washing Machines - 295,Electric Appliances,Washing Machines,105,India,East,Madhya Pradesh,Tier 1,462001,201,24268.74,4,0.24,3793.83
ORD000202,04-06-2022,20-07-2023,05-06-2022,Standard Class,Medium,2020,CUST000202,Sarah Rogers,29-03-1953,Consumer,PROD000202,Fries - 124,Fast Food,Fries,60,India,East,Delhi,Tier 1,110001,202,25130.86,7,0.08,3957.75
ORD000203,22-09-2023,10-02-2021,24-09-2023,First Class,Large,2019,CUST000203,Sherry Powers,27-01-1974,Corporate,PROD000203,Burgers - 824,Fast Food,Burgers,109,India,South,Madhya Pradesh,Tier 1,462001,203,33470.47,3,0.22,3937.73
ORD000204,15-03-2022,09-10-2022,17-03-2022,Second Class,Large,2022,CUST000204,Joseph Cox,29-03-1962,Consumer,PROD000204,Mops - 920,Household Items,Mops,13,India,North,Uttar Pradesh,Tier 1,226001,204,30716.09,2,0.05,5105.98
ORD000205,14-06-2023,13-04-2019,17-06-2023,Same Day,Small,2021,CUST000205,Rhonda Campbell,19-10-1992,Corporate,PROD000205,Buckets - 377,Household Items,Buckets,111,India,North,Maharashtra,Tier 2,400001,205,25077.61,8,0.25,4753.8
ORD000206,21-10-2019,27-04-2021,26-10-2019,Second Class,Medium,2022,CUST000206,April Jones,13-07-1962,Consumer,PROD000206,Apples - 441,Sessional Fruits & Vegetables,Apples,41,India,South,Maharashtra,Tier 2,400001,206,22860.48,2,0.25,3870.3
ORD000207,04-04-2023,29-10-2023,05-04-2023,Same Day,Small,2021,CUST000207,Samuel Archer,12-12-1958,Consumer,PROD000207,Washing Machines - 877,Electric Appliances,Washing Machines,10,India,West,Gujarat,Tier 2,380001,207,18568.17,4,0.12,2249.66
ORD000208,27-10-2022,11-11-2020,31-10-2022,First Class,Large,2023,CUST000208,Paul Wolf,12-02-1985,Corporate,PROD000208,Mangoes - 244,Sessional Fruits & Vegetables,Mangoes,71,India,East,Punjab,Tier 2,160001,208,16486.59,10,0.03,4167.49
ORD000209,14-09-2019,01-12-2023,15-09-2019,Second Class,Large,2019,CUST000209,Sara Marquez,07-08-2010,Corporate,PROD000209,Pizzas - 926,Fast Food,Pizzas,4,India,South,Gujarat,Tier 1,380001,209,49768.02,10,0.49,4201.9
ORD000210,27-04-2021,16-08-2023,28-04-2021,Second Class,Medium,2019,CUST000210,Marvin Price,12-03-2000,Consumer,PROD000210,Buckets - 536,Household Items,Buckets,69,India,North,Madhya Pradesh,Village,462001,210,13971.1,1,0.4,2496.28
ORD000211,08-07-2023,07-11-2019,13-07-2023,First Class,Large,2022,CUST000211,Jill Bruce,15-08-2007,Consumer,PROD000211,Cheese - 534,Dairy Products,Cheese,22,India,East,Rajasthan,Village,302001,211,11485.17,9,0.05,1158.16
ORD000212,16-12-2022,14-12-2022,22-12-2022,Standard Class,Small,2021,CUST000212,Eileen Rosales,14-12-1957,Corporate,PROD000212,Sandwiches - 842,Fast Food,Sandwiches,93,India,East,Tamil Nadu,Tier 1,600001,212,45625.45,2,0.24,10208.09
ORD000213,26-08-2023,04-08-2023,30-08-2023,First Class,Small,2021,CUST000213,Bradley Hughes,06-01-1951,Corporate,PROD000213,Mangoes - 425,Sessional Fruits & Vegetables,Mangoes,29,India,South,Punjab,Village,160001,213,6980.6,1,0.11,989.94
ORD000214,03-02-2023,13-08-2022,07-02-2023,Same Day,Medium,2020,CUST000214,Keith White,20-04-1979,Consumer,PROD000214,Apples - 545,Sessional Fruits & Vegetables,Apples,55,India,West,Punjab,Village,160001,214,28654.44,9,0.15,2587.93
ORD000215,22-11-2020,14-09-2019,24-11-2020,Same Day,Small,2021,CUST000215,Tina Gibson,02-06-1964,Corporate,PROD000215,Utensils - 110,Household Items,Utensils,108,India,West,Rajasthan,Tier 2,302001,215,2230.96,7,0.03,274.02
ORD000216,06-12-2020,05-11-2021,12-12-2020,Same Day,Small,2020,CUST000216,Matthew Diaz,10-07-1970,Consumer,PROD000216,Milk - 458,Dairy Products,Milk,15,India,North,Gujarat,Village,380001,216,15755.97,3,0.06,2200.77
ORD000217,23-07-2023,12-02-2019,27-07-2023,Standard Class,Large,2023,CUST000217,Margaret Garrison,27-07-1957,Corporate,PROD000217,Fries - 279,Fast Food,Fries,78,India,North,Rajasthan,Tier 1,302001,217,39588.44,7,0.13,8036.67
ORD000218,07-07-2019,29-07-2019,14-07-2019,First Class,Large,2023,CUST000218,Joseph Espinoza,16-10-1988,Corporate,PROD000218,Fries - 797,Fast Food,Fries,34,India,North,Punjab,Tier 2,160001,218,28301.22,4,0.11,6141.53
ORD000219,24-04-2020,16-03-2019,29-04-2020,Same Day,Small,2019,CUST000219,Jonathan Byrd,13-07-1950,Corporate,PROD000219,Fans - 285,Electric Appliances,Fans,84,India,West,Uttar Pradesh,Tier 1,226001,219,1610.16,9,0.38,154.18
ORD000220,28-10-2020,13-11-2022,31-10-2020,Standard Class,Medium,2020,CUST000220,Tyler Bryant,15-09-2005,Corporate,PROD000220,Sofas - 928,Furniture,Sofas,47,India,East,Maharashtra,Village,400001,220,14605.59,9,0.04,3099.7
ORD000221,09-06-2022,30-07-2023,14-06-2022,Same Day,Small,2022,CUST000221,Craig Benson,01-02-1978,Consumer,PROD000221,Buckets - 991,Household Items,Buckets,114,India,West,Madhya Pradesh,Tier 1,462001,221,36288.87,10,0.18,6891.22
ORD000222,14-03-2020,06-06-2023,19-03-2020,Standard Class,Large,2020,CUST000222,James Taylor,21-04-1951,Consumer,PROD000222,Chairs - 388,Furniture,Chairs,4,India,South,Gujarat,Tier 1,380001,222,25101.93,3,0.33,3508.81
ORD000223,03-08-2019,10-04-2019,08-08-2019,Standard Class,Medium,2023,CUST000223,Marissa Mckenzie,27-02-2010,Corporate,PROD000223,Washing Machines - 709,Electric Appliances,Washing Machines,118,India,West,Maharashtra,Village,400001,223,26411.48,6,0.02,6812.36
ORD000224,05-07-2019,12-01-2021,11-07-2019,Standard Class,Medium,2022,CUST000224,Janice Jones,29-05-2013,Consumer,PROD000224,Washing Machines - 849,Electric Appliances,Washing Machines,61,India,West,Tamil Nadu,Tier 1,600001,224,38616.05,4,0.17,5504.41
ORD000225,22-10-2022,03-07-2019,29-10-2022,Same Day,Medium,2019,CUST000225,Tammy Wilson,27-06-1963,Corporate,PROD000225,Apples - 279,Sessional Fruits & Vegetables,Apples,21,India,West,Uttar Pradesh,Tier 2,226001,225,36747.22,5,0.48,4061.21
ORD000226,23-11-2022,24-09-2023,27-11-2022,Standard Class,Large,2020,CUST000226,Matthew Mercer,05-08-1988,Consumer,PROD000226,Yogurt - 553,Dairy Products,Yogurt,56,India,North,Uttar Pradesh,Village,226001,226,44042.1,4,0.32,7630.21
ORD000227,06-07-2023,01-11-2019,08-07-2023,First Class,Large,2020,CUST000227,Jeffrey Hart,29-10-1950,Corporate,PROD000227,Carrots - 850,Sessional Fruits & Vegetables,Carrots,70,India,North,Uttar Pradesh,Tier 2,226001,227,48115.54,8,0.04,12462.5
ORD000228,04-08-2021,27-02-2020,11-08-2021,Second Class,Small,2021,CUST000228,Karen Hunter,23-03-1970,Corporate,PROD000228,Refrigerators - 912,Electric Appliances,Refrigerators,13,India,North,Uttar Pradesh,Tier 1,226001,228,38350.58,10,0.12,8112.51
ORD000229,17-04-2019,09-01-2022,23-04-2019,Standard Class,Small,2020,CUST000229,Jason Macdonald,20-07-1995,Consumer,PROD000229,Refrigerators - 301,Electric Appliances,Refrigerators,57,India,South,Madhya Pradesh,Tier 2,462001,229,40174.06,6,0.32,5865.59
ORD000230,04-08-2022,08-06-2021,09-08-2022,Standard Class,Small,2022,CUST000230,Tiffany Miller,12-01-1998,Corporate,PROD000230,Microwaves - 844,Electric Appliances,Microwaves,94,India,West,West Bengal,Tier 2,700001,230,31696.91,10,0.24,6679.8
ORD000231,11-12-2019,10-11-2023,16-12-2019,First Class,Large,2019,CUST000231,Donna Anderson,26-07-2000,Corporate,PROD000231,Tables - 557,Furniture,Tables,115,India,East,Punjab,Village,160001,231,12531.13,4,0.19,2437.36
ORD000232,30-01-2019,22-01-2019,01-02-2019,First Class,Large,2022,CUST000232,Kelly Ramsey,12-12-1979,Corporate,PROD000232,Yogurt - 659,Dairy Products,Yogurt,48,India,East,Uttar Pradesh,Tier 1,226001,232,6960.85,8,0.25,731.14
ORD000233,24-05-2019,20-09-2022,30-05-2019,Second Class,Small,2021,CUST000233,Michelle Ortega,22-08-2011,Consumer,PROD000233,Fries - 108,Fast Food,Fries,56,India,North,Uttar Pradesh,Village,226001,233,18661.81,2,0.33,3311.55
ORD000234,01-11-2019,01-08-2023,08-11-2019,Same Day,Large,2020,CUST000234,Michael Griffin,12-07-1969,Corporate,PROD000234,Milk - 556,Dairy Products,Milk,52,India,West,Gujarat,Village,380001,234,35951.88,6,0.4,5231.64
ORD000235,04-07-2020,03-10-2021,06-07-2020,First Class,Medium,2023,CUST000235,James Norton,21-01-2007,Corporate,PROD000235,Beds - 404,Furniture,Beds,106,India,East,Karnataka,Village,560001,235,27456.28,4,0,6647.8
ORD000236,13-11-2019,01-10-2019,20-11-2019,Standard Class,Large,2022,CUST000236,Jeffrey Scott,24-09-1986,Corporate,PROD000236,Detergents - 231,Household Items,Detergents,23,India,South,Rajasthan,Tier 2,302001,236,43049.37,1,0.14,9649.84
ORD000237,24-04-2022,08-04-2021,28-04-2022,Second Class,Large,2019,CUST000237,Amanda Gomez,02-10-2007,Consumer,PROD000237,Fans - 237,Electric Appliances,Fans,98,India,South,Delhi,Village,110001,237,2703.76,6,0.5,227.24
ORD000238,23-05-2021,21-04-2020,26-05-2021,Second Class,Small,2023,CUST000238,Jimmy Davies,30-06-1993,Consumer,PROD000238,Carrots - 558,Sessional Fruits & Vegetables,Carrots,99,India,South,West Bengal,Village,700001,238,7178.62,9,0.26,996.81
ORD000239,08-09-2019,16-08-2021,11-09-2019,Second Class,Medium,2023,CUST000239,Benjamin Sosa,10-06-1973,Consumer,PROD000239,Fries - 551,Fast Food,Fries,75,India,North,Tamil Nadu,Village,600001,239,32562.21,7,0.08,7742.25
ORD000240,18-10-2020,23-10-2020,25-10-2020,Second Class,Medium,2022,CUST000240,Lori Richmond,06-07-2012,Corporate,PROD000240,Fans - 907,Electric Appliances,Fans,7,India,North,Karnataka,Tier 1,560001,240,17289.46,4,0.22,3877.9
ORD000241,04-02-2021,31-03-2021,09-02-2021,Same Day,Large,2021,CUST000241,Stephanie Barrera,23-10-1951,Consumer,PROD000241,Buckets - 291,Household Items,Buckets,114,India,West,Madhya Pradesh,Tier 1,462001,241,49172.95,6,0.33,9863.59
ORD000242,08-09-2022,09-03-2021,15-09-2022,Same Day,Large,2021,CUST000242,Joshua Tran,20-12-1986,Consumer,PROD000242,Yogurt - 802,Dairy Products,Yogurt,119,India,South,Uttar Pradesh,Village,226001,242,11023.22,2,0.46,845.05
ORD000243,13-09-2019,12-08-2021,19-09-2019,Second Class,Medium,2022,CUST000243,Gary Greer,29-08-2009,Corporate,PROD000243,Cheese - 930,Dairy Products,Cheese,51,India,West,Delhi,Tier 1,110001,243,3252.82,9,0.22,529.67
ORD000244,29-04-2022,05-01-2020,30-04-2022,Standard Class,Large,2019,CUST000244,Jose Bailey,29-11-1996,Consumer,PROD000244,Washing Machines - 822,Electric Appliances,Washing Machines,24,India,West,Rajasthan,Tier 1,302001,244,42717.41,8,0.23,9490.57
ORD000245,17-02-2021,03-05-2019,19-02-2021,Same Day,Medium,2022,CUST000245,Julie Mcdonald,07-01-1997,Corporate,PROD000245,Yogurt - 230,Dairy Products,Yogurt,36,India,East,Gujarat,Tier 2,380001,245,16669.9,7,0.3,1796.73
ORD000088,23-06-2019,29-01-2021,24-06-2019,First Class,Medium,2019,CUST000088,David Eaton,09-08-1985,Consumer,PROD000088,Tomatoes - 637,Sessional Fruits & Vegetables,Tomatoes,65,India,East,Uttar Pradesh,Village,226001,88,2190.27,4,0.03,599.14
ORD000089,21-03-2020,13-03-2019,26-03-2020,Second Class,Small,2019,CUST000089,Jose Carrillo,28-09-2014,Consumer,PROD000089,Refrigerators - 842,Electric Appliances,Refrigerators,4,India,South,Gujarat,Tier 1,380001,89,49298.05,8,0.02,7957.55
ORD000090,01-06-2019,19-08-2021,02-06-2019,Second Class,Small,2019,CUST000090,Matthew Lucero,30-03-1985,Corporate,PROD000090,Sandwiches - 512,Fast Food,Sandwiches,46,India,North,West Bengal,Tier 1,700001,90,18541.08,3,0.45,2815.08
ORD000091,11-10-2021,08-08-2021,12-10-2021,Same Day,Small,2022,CUST000091,Rebekah Hill,06-03-1962,Consumer,PROD000091,Tomatoes - 712,Sessional Fruits & Vegetables,Tomatoes,31,India,North,Madhya Pradesh,Tier 2,462001,91,14362.94,7,0.41,2417.72
ORD000092,25-11-2022,28-12-2021,30-11-2022,First Class,Medium,2022,CUST000092,Todd Chapman,17-08-2002,Consumer,PROD000092,Sofas - 215,Furniture,Sofas,38,India,East,Punjab,Tier 1,160001,92,22134.74,2,0.39,2313.97
ORD000093,11-01-2023,18-04-2022,14-01-2023,Same Day,Medium,2021,CUST000093,Samantha Martinez,16-02-2002,Corporate,PROD000093,Detergents - 461,Household Items,Detergents,8,India,East,Karnataka,Tier 1,560001,93,3485.44,1,0.01,535.1
ORD000094,21-04-2022,05-04-2021,26-04-2022,Second Class,Small,2019,CUST000094,Angela Brown,07-06-1996,Corporate,PROD000094,Sofas - 690,Furniture,Sofas,43,India,South,West Bengal,Tier 2,700001,94,13846.12,3,0.37,2195.95
ORD000095,25-02-2022,04-12-2019,01-03-2022,Second Class,Medium,2021,CUST000095,Lauren Reed,10-07-1962,Corporate,PROD000095,Detergents - 940,Household Items,Detergents,45,India,West,Karnataka,Tier 2,560001,95,31236.77,1,0,7427.19
ORD000096,19-10-2020,14-06-2023,25-10-2020,Same Day,Medium,2020,CUST000096,Sandra Hubbard,08-12-2001,Corporate,PROD000096,Burgers - 913,Fast Food,Burgers,13,India,North,Uttar Pradesh,Tier 1,226001,96,40544.54,8,0.03,7015.28
ORD000097,30-03-2023,30-09-2023,03-04-2023,Second Class,Small,2021,CUST000097,Marcus Barker,23-04-1984,Corporate,PROD000097,Butter - 611,Dairy Products,Butter,5,India,North,West Bengal,Village,700001,97,45706.34,1,0.08,6356.72
ORD000098,11-01-2021,06-05-2022,13-01-2021,Standard Class,Medium,2020,CUST000098,Kimberly Mccall,23-04-2001,Consumer,PROD000098,Chairs - 684,Furniture,Chairs,48,India,East,Uttar Pradesh,Tier 1,226001,98,3718.28,4,0.3,685.51
ORD000099,04-05-2023,23-06-2023,11-05-2023,Standard Class,Large,2023,CUST000099,Karen Mason,16-07-1954,Corporate,PROD000099,Mangoes - 257,Sessional Fruits & Vegetables,Mangoes,33,India,South,Delhi,Tier 1,110001,99,6704.71,8,0.34,1210.03
ORD000100,25-05-2019,15-03-2020,01-06-2019,Second Class,Medium,2022,CUST000100,Sharon Rangel,28-04-2017,Corporate,PROD000100,Sofas - 130,Furniture,Sofas,68,India,West,Punjab,Tier 2,160001,100,3002.3,10,0.25,417.85
ORD000101,02-06-2023,23-12-2023,09-06-2023,Same Day,Medium,2023,CUST000101,Jack Duncan,03-06-1973,Corporate,PROD000101,Tables - 221,Furniture,Tables,80,India,South,Rajasthan,Tier 1,302001,101,10929.33,7,0.23,1408.71
ORD000102,13-02-2022,16-12-2019,17-02-2022,Second Class,Large,2019,CUST000102,Katie Mccormick,02-01-1977,Consumer,PROD000102,Chairs - 203,Furniture,Chairs,71,India,East,Punjab,Tier 2,160001,102,34572.32,5,0.45,4406.38
ORD000103,01-06-2019,05-03-2022,06-06-2019,Same Day,Large,2023,CUST000103,Steven Jones,23-07-2003,Consumer,PROD000103,Mangoes - 323,Sessional Fruits & Vegetables,Mangoes,75,India,North,Tamil Nadu,Village,600001,103,36478.13,9,0.15,5900.74
ORD000104,22-06-2022,30-04-2019,27-06-2022,Standard Class,Small,2020,CUST000104,Kaitlin Brooks,01-08-1978,Consumer,PROD000104,Pizzas - 395,Fast Food,Pizzas,60,India,East,Delhi,Tier 1,110001,104,26759.07,3,0.38,2039.49
ORD000105,14-06-2023,19-09-2022,21-06-2023,Second Class,Small,2022,CUST000105,Cindy Lopez,11-12-1990,Corporate,PROD000105,Utensils - 133,Household Items,Utensils,13,India,North,Uttar Pradesh,Tier 1,226001,105,38898.03,1,0.03,5996.93
ORD000106,22-12-2020,31-03-2023,27-12-2020,First Class,Medium,2022,CUST000106,Erin Liu,02-10-1958,Corporate,PROD000106,Milk - 934,Dairy Products,Milk,112,India,North,Delhi,Village,110001,106,36644.28,1,0.01,6567.63
ORD000107,13-02-2019,21-07-2021,16-02-2019,Second Class,Small,2019,CUST000107,Veronica Jefferson,27-09-2014,Corporate,PROD000107,Milk - 790,Dairy Products,Milk,72,India,West,Madhya Pradesh,Tier 2,462001,107,25950.92,8,0.47,1509.41
ORD000108,28-11-2022,01-09-2021,29-11-2022,First Class,Large,2019,CUST000108,Mary Jones,11-04-1960,Consumer,PROD000108,Washing Machines - 969,Electric Appliances,Washing Machines,104,India,West,West Bengal,Tier 1,700001,108,14299.23,5,0.31,2199.1
ORD000109,26-11-2021,01-12-2022,02-12-2021,Same Day,Medium,2019,CUST000109,Catherine Johnson,08-10-1961,Corporate,PROD000109,Sandwiches - 436,Fast Food,Sandwiches,11,India,South,Madhya Pradesh,Village,462001,109,6626.91,2,0.47,561.03
ORD000110,06-01-2023,15-11-2021,09-01-2023,First Class,Large,2020,CUST000110,James Velazquez,19-09-2000,Consumer,PROD000110,Fans - 234,Electric Appliances,Fans,114,India,West,Madhya Pradesh,Tier 1,462001,110,38323.71,3,0.46,4313.36
ORD000111,11-04-2019,27-11-2023,15-04-2019,First Class,Medium,2022,CUST000111,Julia Holmes,07-11-1970,Consumer,PROD000111,Tomatoes - 235,Sessional Fruits & Vegetables,Tomatoes,103,India,East,West Bengal,Village,700001,111,26844.64,2,0.1,4129.76
ORD000112,10-10-2021,03-03-2023,17-10-2021,First Class,Small,2023,CUST000112,Shannon Black,14-02-1951,Corporate,PROD000112,Beds - 763,Furniture,Beds,10,India,West,Gujarat,Tier 2,380001,112,697.12,8,0.23,111.76
ORD000113,28-12-2022,17-11-2021,02-01-2023,Second Class,Medium,2021,CUST000113,Cassandra Lee,25-06-1978,Consumer,PROD000113,Cheese - 510,Dairy Products,Cheese,50,India,South,Maharashtra,Village,400001,113,39346.38,10,0.49,5806.18
ORD000114,06-12-2022,19-01-2020,12-12-2022,Standard Class,Medium,2022,CUST000114,Dennis Webb,19-05-1963,Corporate,PROD000114,Tables - 409,Furniture,Tables,101,India,North,Madhya Pradesh,Tier 1,462001,114,44190.67,9,0.48,4514.81
ORD000115,30-09-2020,16-07-2023,07-10-2020,Same Day,Small,2019,CUST000115,Angela Rodriguez,09-04-1991,Corporate,PROD000115,Microwaves - 369,Electric Appliances,Microwaves,21,India,West,Uttar Pradesh,Tier 2,226001,115,11761.16,5,0.17,2628.29
ORD000116,30-10-2022,20-10-2022,04-11-2022,Standard Class,Small,2020,CUST000116,Stacey Frazier,29-04-1951,Corporate,PROD000116,Mangoes - 678,Sessional Fruits & Vegetables,Mangoes,111,India,North,Maharashtra,Tier 2,400001,116,35444.41,2,0.15,7388
ORD000117,13-09-2019,05-04-2020,17-09-2019,First Class,Large,2023,CUST000117,Adrienne Terry,30-07-1990,Consumer,PROD000117,Milk - 890,Dairy Products,Milk,31,India,North,Madhya Pradesh,Tier 2,462001,117,24067.34,7,0.15,5195.55
ORD000118,10-01-2023,08-06-2019,15-01-2023,Second Class,Medium,2022,CUST000118,Amanda Vance,18-09-1956,Corporate,PROD000118,Cheese - 227,Dairy Products,Cheese,94,India,West,West Bengal,Tier 2,700001,118,793.12,10,0.18,169.7
ORD000119,27-07-2019,11-07-2022,29-07-2019,Standard Class,Medium,2020,CUST000119,Shelby Zimmerman,07-08-2009,Corporate,PROD000119,Detergents - 381,Household Items,Detergents,114,India,West,Madhya Pradesh,Tier 1,462001,119,5664.79,6,0.43,346.4
ORD000120,28-09-2021,29-12-2020,04-10-2021,First Class,Large,2019,CUST000120,Janice Hardy,24-03-1994,Corporate,PROD000120,Washing Machines - 765,Electric Appliances,Washing Machines,43,India,South,West Bengal,Tier 2,700001,120,26376.62,5,0.49,1834.7
ORD000121,07-03-2019,20-04-2020,14-03-2019,Standard Class,Small,2023,CUST000121,Michelle Lopez,26-02-1976,Consumer,PROD000121,Milk - 883,Dairy Products,Milk,4,India,South,Gujarat,Tier 1,380001,121,19880,3,0.1,2727.73
ORD000122,16-02-2022,16-12-2023,22-02-2022,Same Day,Large,2022,CUST000122,Joshua Mercado,06-02-1973,Consumer,PROD000122,Milk - 985,Dairy Products,Milk,72,India,West,Madhya Pradesh,Tier 2,462001,122,1693.77,4,0.28,149.08
ORD000123,15-04-2020,18-12-2022,21-04-2020,Standard Class,Large,2021,CUST000123,Chelsea Herrera,03-06-1979,Consumer,PROD000123,Butter - 590,Dairy Products,Butter,31,India,North,Madhya Pradesh,Tier 2,462001,123,35934,3,0.34,4536.47
ORD000124,20-10-2019,25-04-2019,23-10-2019,Second Class,Small,2022,CUST000124,Tom Hill,22-08-1987,Corporate,PROD000124,Sofas - 428,Furniture,Sofas,83,India,North,Gujarat,Tier 2,380001,124,15212.98,4,0.2,3364.93
ORD000125,20-09-2021,30-11-2023,22-09-2021,Standard Class,Large,2020,CUST000125,Zachary Elliott,23-10-2002,Corporate,PROD000125,Yogurt - 696,Dairy Products,Yogurt,51,India,West,Delhi,Tier 1,110001,125,26067.1,10,0.09,3352.04
ORD000126,07-12-2023,16-09-2021,12-12-2023,Second Class,Large,2022,CUST000126,Michelle Hayes,31-10-2014,Consumer,PROD000126,Apples - 593,Sessional Fruits & Vegetables,Apples,46,India,North,West Bengal,Tier 1,700001,126,15616.44,4,0.48,950.38
ORD000127,10-07-2022,14-11-2020,15-07-2022,Second Class,Large,2022,CUST000127,Amy Riggs,21-10-1972,Corporate,PROD000127,Mops - 329,Household Items,Mops,10,India,West,Gujarat,Tier 2,380001,127,14652.53,1,0.19,3384.47
ORD000128,05-07-2022,14-11-2022,07-07-2022,Standard Class,Medium,2022,CUST000128,Olivia Acosta,10-08-1960,Corporate,PROD000128,Sandwiches - 978,Fast Food,Sandwiches,75,India,North,Tamil Nadu,Village,600001,128,43133.85,6,0.18,7888.68
ORD000129,17-04-2022,12-10-2023,21-04-2022,First Class,Small,2023,CUST000129,Teresa Larson,25-08-2003,Consumer,PROD000129,Sandwiches - 229,Fast Food,Sandwiches,112,India,North,Delhi,Village,110001,129,21086.8,10,0.31,1800.15
ORD000130,12-06-2020,17-12-2021,18-06-2020,Same Day,Small,2020,CUST000130,Travis Williams,11-04-2014,Consumer,PROD000130,Utensils - 579,Household Items,Utensils,13,India,North,Uttar Pradesh,Tier 1,226001,130,2435.15,8,0.22,347.69
ORD000131,22-12-2021,04-11-2022,29-12-2021,Second Class,Small,2023,CUST000131,Kimberly James,31-05-1995,Consumer,PROD000131,Utensils - 266,Household Items,Utensils,117,India,North,Karnataka,Village,560001,131,10798.16,1,0.43,1577.26
ORD000132,08-10-2019,14-09-2020,13-10-2019,Same Day,Small,2023,CUST000132,Gerald Morales,29-06-2011,Corporate,PROD000132,Utensils - 451,Household Items,Utensils,111,India,North,Maharashtra,Tier 2,400001,132,24579.38,2,0.47,3043.99
ORD000133,18-12-2020,02-04-2022,24-12-2020,First Class,Small,2019,CUST000133,Edward Bruce,29-03-1985,Corporate,PROD000133,Refrigerators - 753,Electric Appliances,Refrigerators,43,India,South,West Bengal,Tier 2,700001,133,38746.73,8,0.07,10255.51
ORD000134,29-06-2023,25-10-2023,05-07-2023,Standard Class,Small,2019,CUST000134,Cody Hamilton,27-11-1991,Consumer,PROD000134,Beds - 967,Furniture,Beds,33,India,South,Delhi,Tier 1,110001,134,45799.71,10,0.08,8173.83
ORD000135,27-12-2019,11-06-2020,01-01-2020,Same Day,Medium,2021,CUST000135,Eric Noble,31-12-1952,Consumer,PROD000135,Mangoes - 689,Sessional Fruits & Vegetables,Mangoes,5,India,North,West Bengal,Village,700001,135,35224.11,4,0.06,3465.07
ORD000136,28-02-2021,05-08-2022,06-03-2021,Same Day,Small,2021,CUST000136,Sarah Robinson,20-01-1994,Consumer,PROD000136,Milk - 437,Dairy Products,Milk,62,India,South,Tamil Nadu,Village,600001,136,21031.68,1,0.46,1817.23
ORD000137,23-01-2021,10-02-2020,29-01-2021,Standard Class,Medium,2023,CUST000137,Michelle Lara,27-01-1981,Corporate,PROD000137,Detergents - 715,Household Items,Detergents,7,India,North,Karnataka,Tier 1,560001,137,7574.82,9,0.13,1165.08
ORD000138,23-12-2020,24-09-2019,25-12-2020,Second Class,Small,2020,CUST000138,Corey Garcia,29-05-1964,Corporate,PROD000138,Sandwiches - 342,Fast Food,Sandwiches,79,India,West,West Bengal,Village,700001,138,16517.9,4,0.45,2679.8
ORD000139,08-12-2021,20-07-2023,14-12-2021,Same Day,Small,2020,CUST000139,Erik Weber,22-05-2009,Corporate,PROD000139,Apples - 670,Sessional Fruits & Vegetables,Apples,84,India,West,Uttar Pradesh,Tier 1,226001,139,33455.09,3,0.22,6363.52
ORD000140,17-04-2023,18-12-2020,22-04-2023,Second Class,Large,2021,CUST000140,Heidi Diaz,23-01-1972,Consumer,PROD000140,Butter - 330,Dairy Products,Butter,34,India,North,Punjab,Tier 2,160001,140,32844.8,2,0.48,4428.69
ORD000141,03-08-2019,11-12-2023,06-08-2019,Standard Class,Large,2023,CUST000141,Cynthia Young,13-07-1986,Consumer,PROD000141,Tables - 363,Furniture,Tables,119,India,South,Uttar Pradesh,Village,226001,141,33973.99,7,0.19,7984.17
ORD000142,04-08-2023,05-07-2023,06-08-2023,Standard Class,Medium,2019,CUST000142,Todd Conley,11-05-1950,Corporate,PROD000142,Butter - 850,Dairy Products,Butter,107,India,South,Punjab,Tier 1,160001,142,46639.02,5,0.45,6652.35
ORD000143,11-05-2021,05-08-2019,17-05-2021,Second Class,Medium,2023,CUST000143,Taylor Parsons,19-12-1999,Consumer,PROD000143,Mops - 337,Household Items,Mops,55,India,West,Punjab,Village,160001,143,28889.83,1,0.23,3046.44
ORD000144,21-09-2022,24-09-2022,26-09-2022,First Class,Medium,2020,CUST000144,Tonya Wolf,17-07-2014,Consumer,PROD000144,Beds - 226,Furniture,Beds,43,India,South,West Bengal,Tier 2,700001,144,23167.07,9,0.33,1593.57
ORD000145,21-09-2021,09-08-2021,27-09-2021,Same Day,Medium,2021,CUST000145,Abigail Reid,20-11-1959,Corporate,PROD000145,Tomatoes - 492,Sessional Fruits & Vegetables,Tomatoes,17,India,South,Gujarat,Tier 2,380001,145,42925.93,5,0.3,4541.75
ORD000146,22-04-2023,08-02-2019,23-04-2023,Standard Class,Small,2021,CUST000146,Veronica Parker,20-08-1968,Corporate,PROD000146,Cheese - 561,Dairy Products,Cheese,57,India,South,Madhya Pradesh,Tier 2,462001,146,30630.46,7,0.49,4651.85
ORD000147,22-07-2023,22-07-2021,25-07-2023,Second Class,Large,2022,CUST000147,Steven Mcdaniel,27-12-2011,Consumer,PROD000147,Buckets - 899,Household Items,Buckets,93,India,East,Tamil Nadu,Tier 1,600001,147,41485.32,1,0.19,8870.53
ORD000148,22-06-2023,19-10-2019,24-06-2023,Standard Class,Medium,2021,CUST000148,Megan Boyd,21-04-1961,Consumer,PROD000148,Chairs - 127,Furniture,Chairs,119,India,South,Uttar Pradesh,Village,226001,148,39234.01,9,0.11,7403.69
ORD000149,19-12-2023,16-07-2019,24-12-2023,Same Day,Small,2021,CUST000149,Anthony Morales,08-11-1986,Corporate,PROD000149,Refrigerators - 837,Electric Appliances,Refrigerators,81,India,South,Karnataka,Village,560001,149,48153.69,10,0.21,9780.33
ORD000150,22-11-2022,13-09-2023,24-11-2022,Second Class,Medium,2023,CUST000150,Michael Roach,14-04-1963,Consumer,PROD000150,Butter - 880,Dairy Products,Butter,25,India,West,Karnataka,Village,560001,150,28702.64,1,0.02,3399.35
ORD000151,07-01-2019,25-01-2022,08-01-2019,Second Class,Large,2022,CUST000151,Derek Hansen,23-12-1995,Consumer,PROD000151,Mangoes - 916,Sessional Fruits & Vegetables,Mangoes,111,India,North,Maharashtra,Tier 2,400001,151,32942.88,3,0.35,4394.39
ORD000152,16-06-2022,02-04-2023,20-06-2022,Same Day,Medium,2022,CUST000152,Denise Thomas,01-06-1973,Consumer,PROD000152,Fans - 700,Electric Appliances,Fans,12,India,East,Madhya Pradesh,Village,462001,152,42920.24,4,0.49,4170.53
ORD000153,12-11-2022,26-06-2023,13-11-2022,Same Day,Medium,2023,CUST000153,James Phillips,09-07-1968,Corporate,PROD000153,Microwaves - 817,Electric Appliances,Microwaves,11,India,South,Madhya Pradesh,Village,462001,153,32378.72,10,0.27,2399.46
ORD000154,13-05-2022,06-04-2020,17-05-2022,Standard Class,Medium,2019,CUST000154,Nichole Ellis,11-12-1976,Corporate,PROD000154,Chairs - 665,Furniture,Chairs,113,India,West,Rajasthan,Village,302001,154,7026.46,8,0.41,954.64
ORD000155,16-06-2020,20-04-2020,17-06-2020,Second Class,Medium,2023,CUST000155,David Davis,26-10-1956,Consumer,PROD000155,Mops - 758,Household Items,Mops,59,India,South,Karnataka,Tier 2,560001,155,189.51,8,0.46,28.65
ORD000156,16-03-2021,21-01-2020,17-03-2021,First Class,Small,2019,CUST000156,Tina Woodward,19-05-1985,Corporate,PROD000156,Fries - 294,Fast Food,Fries,112,India,North,Delhi,Village,110001,156,29498.79,6,0.11,4069.44
ORD000157,10-06-2020,06-01-2020,17-06-2020,First Class,Medium,2023,CUST000157,Brian Jones,15-10-1989,Corporate,PROD000157,Sofas - 340,Furniture,Sofas,90,India,East,Maharashtra,Tier 2,400001,157,43763.64,3,0.3,8045.75
ORD000158,04-08-2019,08-07-2021,07-08-2019,Same Day,Small,2022,CUST000158,Gabrielle Sanchez,24-06-1966,Corporate,PROD000158,Fries - 471,Fast Food,Fries,61,India,West,Tamil Nadu,Tier 1,600001,158,28080.71,5,0.42,1924.12
ORD000159,30-08-2022,19-03-2020,02-09-2022,Second Class,Large,2021,CUST000159,Michael Barrera,15-12-1990,Corporate,PROD000159,Refrigerators - 651,Electric Appliances,Refrigerators,91,India,West,Gujarat,Tier 1,380001,159,37165.6,4,0.28,5426.11
ORD000246,03-06-2023,14-10-2020,08-06-2023,Same Day,Medium,2019,CUST000246,James Black,29-01-2017,Corporate,PROD000246,Tables - 681,Furniture,Tables,98,India,South,Delhi,Village,110001,246,38860.02,1,0.26,4443.58
ORD000247,29-06-2020,06-03-2019,03-07-2020,Standard Class,Large,2020,CUST000247,Michael Scott,02-05-1958,Corporate,PROD000247,Washing Machines - 359,Electric Appliances,Washing Machines,120,India,South,Gujarat,Village,380001,247,11385.32,8,0.36,1708.12
ORD000248,06-11-2023,22-04-2020,11-11-2023,Second Class,Large,2019,CUST000248,Cynthia Wilson,29-03-1964,Corporate,PROD000248,Apples - 259,Sessional Fruits & Vegetables,Apples,53,India,South,Maharashtra,Tier 1,400001,248,2193.01,2,0.23,332.76
ORD000249,12-07-2022,03-06-2023,19-07-2022,Second Class,Small,2023,CUST000249,Donald Medina,15-04-1964,Corporate,PROD000249,Mangoes - 550,Sessional Fruits & Vegetables,Mangoes,115,India,East,Punjab,Village,160001,249,8920.71,4,0.22,1733.78
ORD000250,15-06-2019,08-03-2020,21-06-2019,Same Day,Small,2020,CUST000250,Michael Wilson,07-04-1977,Corporate,PROD000250,Burgers - 614,Fast Food,Burgers,24,India,West,Rajasthan,Tier 1,302001,250,13352.44,3,0.05,3476.13
ORD000251,24-07-2022,24-05-2021,27-07-2022,Second Class,Medium,2019,CUST000251,Amber Wade,02-05-1996,Consumer,PROD000251,Pizzas - 288,Fast Food,Pizzas,3,India,North,Maharashtra,Village,400001,251,28310.89,2,0.21,5060.47
ORD000252,07-03-2020,11-01-2022,09-03-2020,Standard Class,Small,2020,CUST000252,Julie Chavez,19-05-1970,Corporate,PROD000252,Chairs - 170,Furniture,Chairs,99,India,South,West Bengal,Village,700001,252,29290.24,4,0.04,7737.38
ORD000253,20-03-2022,17-09-2021,24-03-2022,Same Day,Medium,2021,CUST000253,Mark Pineda,09-11-1950,Corporate,PROD000253,Fries - 833,Fast Food,Fries,101,India,North,Madhya Pradesh,Tier 1,462001,253,17677.34,4,0.46,1364.86
ORD000254,08-10-2019,05-11-2020,09-10-2019,Standard Class,Medium,2021,CUST000254,Kathleen Kirby,22-04-2010,Consumer,PROD000254,Chairs - 631,Furniture,Chairs,1,India,East,Tamil Nadu,Tier 2,600001,254,47938.03,4,0.41,7272.37
ORD000255,28-03-2022,02-12-2020,04-04-2022,Same Day,Small,2019,CUST000255,Lindsey Mercer,18-04-1987,Corporate,PROD000255,Yogurt - 918,Dairy Products,Yogurt,95,India,West,Delhi,Village,110001,255,43980.6,2,0.38,7829.87
ORD000256,31-05-2020,28-01-2020,01-06-2020,Same Day,Small,2019,CUST000256,Anna Mccoy,26-11-1999,Corporate,PROD000256,Sandwiches - 512,Fast Food,Sandwiches,86,India,South,Uttar Pradesh,Tier 2,226001,256,14947.03,6,0.26,2263.98
ORD000257,23-04-2020,09-08-2021,29-04-2020,Standard Class,Small,2023,CUST000257,Robin White,05-02-1995,Corporate,PROD000257,Microwaves - 876,Electric Appliances,Microwaves,58,India,North,Karnataka,Tier 2,560001,257,37531.22,10,0.05,10115.08
ORD000258,07-04-2022,13-07-2023,14-04-2022,Second Class,Medium,2019,CUST000258,Karen Moore,26-07-2014,Consumer,PROD000258,Refrigerators - 723,Electric Appliances,Refrigerators,50,India,South,Maharashtra,Village,400001,258,25907.71,2,0.03,4916.64
ORD000259,19-08-2021,26-09-2021,21-08-2021,First Class,Medium,2019,CUST000259,Dustin Carrillo,21-10-2009,Consumer,PROD000259,Sandwiches - 553,Fast Food,Sandwiches,110,India,East,Tamil Nadu,Village,600001,259,25231.68,2,0.16,5168.68
ORD000260,01-10-2020,11-10-2021,06-10-2020,Second Class,Small,2023,CUST000260,Jessica Decker,23-01-2011,Corporate,PROD000260,Apples - 657,Sessional Fruits & Vegetables,Apples,106,India,East,Karnataka,Village,560001,260,31160.53,7,0.33,5465.39
ORD000261,23-12-2021,27-10-2023,24-12-2021,Standard Class,Large,2021,CUST000261,James Miller,03-01-1950,Corporate,PROD000261,Sandwiches - 437,Fast Food,Sandwiches,92,India,East,West Bengal,Tier 2,700001,261,5337.81,5,0.15,514.68
ORD000262,06-02-2020,01-12-2023,11-02-2020,Second Class,Large,2021,CUST000262,Calvin Mullins,15-09-1975,Consumer,PROD000262,Beds - 701,Furniture,Beds,99,India,South,West Bengal,Village,700001,262,32041.19,1,0.04,4511.47
ORD000263,07-09-2021,14-11-2020,14-09-2021,First Class,Large,2019,CUST000263,Karen Johnson,09-08-1973,Corporate,PROD000263,Fries - 510,Fast Food,Fries,108,India,West,Rajasthan,Tier 2,302001,263,46777.19,7,0.4,3817.71
ORD000264,17-05-2020,26-10-2020,20-05-2020,Standard Class,Small,2021,CUST000264,Anthony Brown,21-06-1990,Consumer,PROD000264,Apples - 668,Sessional Fruits & Vegetables,Apples,37,India,South,Punjab,Tier 2,160001,264,22279.35,7,0.29,2580.96
ORD000265,18-12-2022,18-05-2022,20-12-2022,First Class,Large,2019,CUST000265,Patricia Garcia,06-04-1984,Corporate,PROD000265,Refrigerators - 486,Electric Appliances,Refrigerators,95,India,West,Delhi,Village,110001,265,3018.6,9,0.36,531.67
ORD000266,07-02-2023,14-01-2022,13-02-2023,Second Class,Large,2021,CUST000266,Jimmy Bailey,06-03-2011,Corporate,PROD000266,Washing Machines - 416,Electric Appliances,Washing Machines,102,India,South,Tamil Nadu,Tier 2,600001,266,14307.36,7,0.34,2513.62
ORD000267,07-07-2019,14-01-2020,14-07-2019,First Class,Large,2022,CUST000267,Todd Adams,16-10-1981,Corporate,PROD000267,Detergents - 292,Household Items,Detergents,51,India,West,Delhi,Tier 1,110001,267,13929.2,2,0.37,1682.79
ORD000268,01-10-2021,09-09-2021,04-10-2021,Second Class,Small,2021,CUST000268,Alyssa Waters,15-09-1981,Consumer,PROD000268,Mops - 894,Household Items,Mops,12,India,East,Madhya Pradesh,Village,462001,268,3058.08,7,0.5,188.43
ORD000269,04-11-2020,31-08-2021,06-11-2020,Standard Class,Small,2023,CUST000269,Antonio Cook,17-12-2008,Consumer,PROD000269,Cheese - 549,Dairy Products,Cheese,58,India,North,Karnataka,Tier 2,560001,269,15101.1,9,0.07,3215.73
ORD000270,24-12-2021,01-10-2021,29-12-2021,First Class,Large,2023,CUST000270,Kelly Thompson,15-11-1967,Corporate,PROD000270,Tomatoes - 705,Sessional Fruits & Vegetables,Tomatoes,104,India,West,West Bengal,Tier 1,700001,270,36254.27,5,0.36,3534.4
ORD000271,28-02-2022,06-05-2023,01-03-2022,Same Day,Medium,2020,CUST000271,Nicole Ramirez,22-08-2010,Consumer,PROD000271,Fans - 872,Electric Appliances,Fans,95,India,West,Delhi,Village,110001,271,37653.51,3,0.06,10554.14
ORD000272,03-12-2023,28-06-2019,04-12-2023,Same Day,Small,2019,CUST000272,Maria Proctor,07-06-1979,Consumer,PROD000272,Tables - 829,Furniture,Tables,108,India,West,Rajasthan,Tier 2,302001,272,2575.21,3,0.34,261.09
ORD000273,21-10-2022,22-08-2021,22-10-2022,Standard Class,Large,2021,CUST000273,Austin Le,27-08-1954,Consumer,PROD000273,Sofas - 813,Furniture,Sofas,65,India,East,Uttar Pradesh,Village,226001,273,22268.19,2,0.14,5251.19
ORD000274,15-02-2023,20-02-2023,18-02-2023,Standard Class,Small,2022,CUST000274,Carolyn Walters,04-04-1979,Corporate,PROD000274,Pizzas - 615,Fast Food,Pizzas,36,India,East,Gujarat,Tier 2,380001,274,23133.71,3,0.03,3976.39
ORD000275,25-08-2019,25-08-2023,28-08-2019,Standard Class,Medium,2020,CUST000275,Dominique Diaz,11-11-1992,Corporate,PROD000275,Mangoes - 960,Sessional Fruits & Vegetables,Mangoes,104,India,West,West Bengal,Tier 1,700001,275,814.7,6,0.03,199.23
ORD000276,17-04-2020,17-08-2019,18-04-2020,Standard Class,Large,2021,CUST000276,Matthew Johnson,16-09-1966,Corporate,PROD000276,Burgers - 768,Fast Food,Burgers,70,India,North,Uttar Pradesh,Tier 2,226001,276,363.59,5,0.38,31.39
ORD000277,09-07-2022,09-02-2022,12-07-2022,Second Class,Small,2020,CUST000277,Jeremy Huang,17-09-1981,Corporate,PROD000277,Apples - 168,Sessional Fruits & Vegetables,Apples,47,India,East,Maharashtra,Village,400001,277,13357.43,4,0.08,1981.51
ORD000278,14-06-2022,07-02-2021,17-06-2022,Second Class,Small,2023,CUST000278,Maria Davis,03-03-1952,Corporate,PROD000278,Washing Machines - 999,Electric Appliances,Washing Machines,15,India,North,Gujarat,Village,380001,278,29973.52,8,0.32,5207.52
ORD000279,10-10-2021,23-05-2020,14-10-2021,Second Class,Large,2020,CUST000279,Barbara Calderon,02-02-2000,Corporate,PROD000279,Pizzas - 244,Fast Food,Pizzas,62,India,South,Tamil Nadu,Village,600001,279,24154.01,10,0.49,1628.86
ORD000280,22-05-2020,14-03-2020,26-05-2020,Same Day,Small,2019,CUST000280,Kyle Robinson,06-06-1977,Corporate,PROD000280,Chairs - 396,Furniture,Chairs,43,India,South,West Bengal,Tier 2,700001,280,261.37,3,0.46,37.82
ORD000281,04-11-2023,08-05-2023,08-11-2023,Standard Class,Medium,2021,CUST000281,Eric Holt,26-12-2016,Consumer,PROD000281,Carrots - 219,Sessional Fruits & Vegetables,Carrots,47,India,East,Maharashtra,Village,400001,281,41865.86,9,0.44,2614.84
ORD000282,02-03-2023,14-05-2023,04-03-2023,Second Class,Medium,2023,CUST000282,Robert Miller,06-06-1984,Corporate,PROD000282,Tomatoes - 411,Sessional Fruits & Vegetables,Tomatoes,21,India,West,Uttar Pradesh,Tier 2,226001,282,49048.02,2,0.22,5445.83
ORD000283,15-11-2023,25-05-2019,21-11-2023,Standard Class,Medium,2023,CUST000283,Matthew Oliver,06-10-1972,Corporate,PROD000283,Butter - 641,Dairy Products,Butter,34,India,North,Punjab,Tier 2,160001,283,42931.13,1,0.01,11329.67
ORD000284,01-08-2022,28-06-2022,05-08-2022,Same Day,Small,2019,CUST000284,Kristina Poole,30-08-1970,Consumer,PROD000284,Beds - 549,Furniture,Beds,27,India,North,Delhi,Tier 2,110001,284,43928.51,1,0.47,4393
ORD000285,20-03-2019,13-08-2019,26-03-2019,Same Day,Large,2020,CUST000285,Aaron Little,13-12-2011,Corporate,PROD000285,Mops - 947,Household Items,Mops,111,India,North,Maharashtra,Tier 2,400001,285,2278.73,10,0.12,473.01
ORD000286,14-02-2020,12-07-2019,20-02-2020,First Class,Medium,2020,CUST000286,Randall Lopez,11-05-1988,Corporate,PROD000286,Utensils - 626,Household Items,Utensils,118,India,West,Maharashtra,Village,400001,286,43620.36,1,0.11,6184.27
ORD000287,12-06-2022,09-02-2023,16-06-2022,Same Day,Small,2021,CUST000287,Stephen Ortiz,14-07-1992,Consumer,PROD000287,Sandwiches - 285,Fast Food,Sandwiches,59,India,South,Karnataka,Tier 2,560001,287,17899.42,6,0.41,2676.73
ORD000288,07-04-2021,10-05-2019,12-04-2021,Same Day,Medium,2022,CUST000288,Mary Powell,16-01-1996,Consumer,PROD000288,Utensils - 690,Household Items,Utensils,107,India,South,Punjab,Tier 1,160001,288,4574.18,5,0.44,731.41
ORD000289,13-11-2020,31-05-2022,20-11-2020,Same Day,Medium,2021,CUST000289,Gina Mckinney,02-12-1992,Corporate,PROD000289,Sandwiches - 981,Fast Food,Sandwiches,64,India,North,Gujarat,Tier 1,380001,289,16218.23,5,0.21,2784.21
ORD000290,21-03-2019,22-06-2019,22-03-2019,First Class,Small,2019,CUST000290,Daniel Thomas,04-05-1957,Consumer,PROD000290,Mangoes - 510,Sessional Fruits & Vegetables,Mangoes,71,India,East,Punjab,Tier 2,160001,290,28355.86,10,0.34,5410.73
ORD000291,16-04-2019,06-06-2022,22-04-2019,Same Day,Small,2021,CUST000291,Joyce Gonzalez,19-03-1996,Corporate,PROD000291,Washing Machines - 123,Electric Appliances,Washing Machines,30,India,East,Rajasthan,Tier 1,302001,291,7642.91,1,0.21,1751.16
ORD000292,04-02-2023,04-09-2021,11-02-2023,Second Class,Small,2022,CUST000292,Joseph Stewart,10-07-1953,Consumer,PROD000292,Mangoes - 544,Sessional Fruits & Vegetables,Mangoes,94,India,West,West Bengal,Tier 2,700001,292,10298.55,5,0.08,2172.91
ORD000293,06-06-2019,18-03-2022,11-06-2019,Second Class,Small,2019,CUST000293,David Jackson,08-10-1984,Corporate,PROD000293,Washing Machines - 349,Electric Appliances,Washing Machines,119,India,South,Uttar Pradesh,Village,226001,293,17961.43,4,0.44,2848.08
ORD000294,29-04-2020,09-12-2019,03-05-2020,Standard Class,Large,2022,CUST000294,Luke Cuevas,21-12-1950,Consumer,PROD000294,Mangoes - 597,Sessional Fruits & Vegetables,Mangoes,104,India,West,West Bengal,Tier 1,700001,294,16162.29,6,0.49,2368.74
ORD000295,04-05-2021,16-04-2023,11-05-2021,Standard Class,Medium,2022,CUST000295,Mark Murphy,19-06-1991,Consumer,PROD000295,Fans - 584,Electric Appliances,Fans,86,India,South,Uttar Pradesh,Tier 2,226001,295,5912.95,6,0.29,1235.49
ORD000296,30-06-2020,01-02-2021,05-07-2020,Second Class,Medium,2019,CUST000296,Stephen Smith,19-07-1986,Corporate,PROD000296,Fans - 286,Electric Appliances,Fans,56,India,North,Uttar Pradesh,Village,226001,296,14051.21,10,0.42,1875.87
ORD000297,26-10-2020,16-12-2022,29-10-2020,First Class,Large,2020,CUST000297,Carlos Thompson,19-06-1984,Consumer,PROD000297,Mops - 197,Household Items,Mops,36,India,East,Gujarat,Tier 2,380001,297,38831.31,3,0.38,3661.42
ORD000298,26-07-2021,16-04-2023,28-07-2021,First Class,Medium,2022,CUST000298,Randall Johnson,21-09-1992,Corporate,PROD000298,Apples - 333,Sessional Fruits & Vegetables,Apples,54,India,South,Delhi,Tier 2,110001,298,37180.16,6,0.14,3874.27
ORD000299,13-01-2021,04-01-2020,14-01-2021,Standard Class,Small,2023,CUST000299,Debbie Jacobs,30-11-1997,Consumer,PROD000299,Buckets - 321,Household Items,Buckets,33,India,South,Delhi,Tier 1,110001,299,21764.22,7,0.1,2293.92
ORD000300,23-01-2021,03-10-2019,25-01-2021,Standard Class,Large,2020,CUST000300,Robert Smith,20-02-1988,Corporate,PROD000300,Microwaves - 424,Electric Appliances,Microwaves,53,India,South,Maharashtra,Tier 1,400001,300,36110.57,7,0.21,4857.25
ORD000301,30-06-2020,26-12-2020,01-07-2020,Same Day,Large,2022,CUST000301,Stephanie Bentley,24-09-1977,Corporate,PROD000301,Burgers - 509,Fast Food,Burgers,69,India,North,Madhya Pradesh,Village,462001,301,38856.1,7,0.13,4687.28
ORD000302,15-04-2023,22-10-2023,17-04-2023,Standard Class,Small,2019,CUST000302,Robert Harrison,17-02-1950,Consumer,PROD000302,Carrots - 533,Sessional Fruits & Vegetables,Carrots,56,India,North,Uttar Pradesh,Village,226001,302,47978.58,5,0.39,6773.02
ORD000303,24-09-2020,29-11-2019,25-09-2020,Second Class,Small,2019,CUST000303,Charles Gill,29-11-2015,Consumer,PROD000303,Yogurt - 830,Dairy Products,Yogurt,29,India,South,Punjab,Village,160001,303,12921.03,1,0.14,1773.56
ORD000304,15-08-2021,25-03-2020,20-08-2021,Second Class,Medium,2020,CUST000304,Christopher Johnson,30-09-2013,Consumer,PROD000304,Beds - 314,Furniture,Beds,100,India,East,Rajasthan,Tier 2,302001,304,23236.18,4,0.23,2995.08
ORD000305,15-08-2022,19-08-2021,17-08-2022,Standard Class,Large,2021,CUST000305,Matthew Thompson,02-08-1961,Corporate,PROD000305,Tables - 437,Furniture,Tables,16,India,North,Rajasthan,Tier 2,302001,305,49088.14,4,0.28,6514.11
ORD000306,06-11-2020,07-08-2022,09-11-2020,Second Class,Small,2020,CUST000306,Zachary Ortiz,28-03-1961,Consumer,PROD000306,Apples - 875,Sessional Fruits & Vegetables,Apples,29,India,South,Punjab,Village,160001,306,8343.8,1,0.39,1195.89
ORD000307,15-09-2020,19-08-2019,20-09-2020,Second Class,Medium,2020,CUST000307,Phillip Hill,27-07-1959,Consumer,PROD000307,Carrots - 819,Sessional Fruits & Vegetables,Carrots,107,India,South,Punjab,Tier 1,160001,307,47308.32,6,0.14,9233.99
ORD000308,13-07-2021,03-06-2023,19-07-2021,Second Class,Large,2023,CUST000308,Melvin Gross,05-06-2014,Consumer,PROD000308,Sofas - 474,Furniture,Sofas,87,India,East,West Bengal,Tier 1,700001,308,29431.29,3,0.48,3840.68
ORD000309,04-01-2020,02-10-2022,07-01-2020,Same Day,Small,2023,CUST000309,Crystal Blanchard,02-01-1993,Consumer,PROD000309,Burgers - 333,Fast Food,Burgers,20,India,East,Gujarat,Village,380001,309,47007.32,4,0.19,10031.79
ORD000310,24-11-2020,02-09-2019,26-11-2020,Same Day,Medium,2019,CUST000310,Anthony Clarke,26-01-1956,Consumer,PROD000310,Utensils - 615,Household Items,Utensils,115,India,East,Punjab,Village,160001,310,8000.42,10,0.24,1818.19
ORD000311,13-10-2023,12-07-2020,16-10-2023,Same Day,Large,2022,CUST000311,Edward Copeland,10-07-1954,Consumer,PROD000311,Butter - 676,Dairy Products,Butter,51,India,West,Delhi,Tier 1,110001,311,48221.88,3,0.14,11501.08
ORD000312,06-04-2020,16-03-2020,12-04-2020,Second Class,Small,2023,CUST000312,Mark Mcpherson,09-06-1956,Consumer,PROD000312,Butter - 889,Dairy Products,Butter,81,India,South,Karnataka,Village,560001,312,28609.49,9,0.24,4889.31
ORD000313,08-04-2021,04-12-2021,14-04-2021,First Class,Small,2023,CUST000313,Danny Bender,18-12-1989,Corporate,PROD000313,Refrigerators - 906,Electric Appliances,Refrigerators,6,India,South,Uttar Pradesh,Tier 1,226001,313,31083.77,8,0.22,3790.98
ORD000160,05-08-2019,22-12-2023,07-08-2019,Second Class,Medium,2019,CUST000160,Amber Clark,19-01-1994,Consumer,PROD000160,Yogurt - 867,Dairy Products,Yogurt,107,India,South,Punjab,Tier 1,160001,160,9054.2,7,0.35,1346.15
ORD000161,01-04-2022,18-07-2019,06-04-2022,Same Day,Small,2022,CUST000161,Christopher Wagner,12-11-1967,Corporate,PROD000161,Tomatoes - 422,Sessional Fruits & Vegetables,Tomatoes,34,India,North,Punjab,Tier 2,160001,161,24201.45,2,0.2,3462.94
ORD000162,05-11-2023,08-11-2019,12-11-2023,Same Day,Small,2020,CUST000162,Stacey Kim,08-03-1989,Consumer,PROD000162,Fries - 115,Fast Food,Fries,1,India,East,Tamil Nadu,Tier 2,600001,162,35291.23,10,0.07,6909.57
ORD000163,28-09-2021,02-07-2022,29-09-2021,Second Class,Medium,2020,CUST000163,Taylor Schmidt,08-10-1979,Corporate,PROD000163,Buckets - 310,Household Items,Buckets,23,India,South,Rajasthan,Tier 2,302001,163,6471.2,5,0.39,699.59
ORD000164,21-02-2020,07-02-2020,25-02-2020,Same Day,Medium,2023,CUST000164,Autumn Allen,16-11-1998,Corporate,PROD000164,Pizzas - 772,Fast Food,Pizzas,2,India,West,Madhya Pradesh,Village,462001,164,9454.12,8,0.32,957.6
ORD000165,13-06-2020,07-04-2021,19-06-2020,Same Day,Large,2022,CUST000165,Mary Cline,14-04-1969,Consumer,PROD000165,Carrots - 974,Sessional Fruits & Vegetables,Carrots,69,India,North,Madhya Pradesh,Village,462001,165,24400.67,7,0.49,2056.03
ORD000166,13-02-2023,24-03-2022,18-02-2023,Same Day,Small,2022,CUST000166,Dakota Mcneil,21-06-1993,Consumer,PROD000166,Butter - 390,Dairy Products,Butter,73,India,East,Gujarat,Tier 1,380001,166,14390.51,2,0.27,1353.94
ORD000167,24-04-2019,18-05-2022,01-05-2019,Standard Class,Large,2023,CUST000167,Madison Simpson,06-02-1975,Consumer,PROD000167,Apples - 212,Sessional Fruits & Vegetables,Apples,120,India,South,Gujarat,Village,380001,167,2302.97,4,0.13,568.05
ORD000168,03-05-2021,16-04-2021,04-05-2021,First Class,Large,2023,CUST000168,Carrie Hickman,27-01-1974,Consumer,PROD000168,Pizzas - 211,Fast Food,Pizzas,45,India,West,Karnataka,Tier 2,560001,168,49201.78,8,0.42,7949.72
ORD000169,23-12-2022,28-05-2019,29-12-2022,Standard Class,Medium,2020,CUST000169,George Newman,19-04-2017,Consumer,PROD000169,Tables - 405,Furniture,Tables,3,India,North,Maharashtra,Village,400001,169,10331.5,5,0.41,749.83
ORD000170,17-09-2019,05-12-2019,18-09-2019,Second Class,Large,2019,CUST000170,Emily Holden,22-09-1979,Corporate,PROD000170,Milk - 941,Dairy Products,Milk,12,India,East,Madhya Pradesh,Village,462001,170,26930.85,5,0.46,2111.02
ORD000171,21-09-2021,24-12-2019,26-09-2021,First Class,Small,2020,CUST000171,Joseph Hall,25-06-2014,Corporate,PROD000171,Refrigerators - 805,Electric Appliances,Refrigerators,4,India,South,Gujarat,Tier 1,380001,171,17201.66,7,0.05,3857.89
ORD000172,28-08-2021,21-12-2020,04-09-2021,Standard Class,Medium,2023,CUST000172,Brian Stafford,21-12-1966,Corporate,PROD000172,Yogurt - 218,Dairy Products,Yogurt,102,India,South,Tamil Nadu,Tier 2,600001,172,14891.57,3,0.09,3915.29
ORD000173,30-08-2022,28-04-2021,04-09-2022,Second Class,Large,2022,CUST000173,William Kent,03-06-1977,Corporate,PROD000173,Tables - 653,Furniture,Tables,63,India,West,Maharashtra,Tier 1,400001,173,18543.66,10,0.19,4144.41
ORD000174,11-09-2019,15-04-2022,14-09-2019,Second Class,Large,2022,CUST000174,Cynthia Cochran,14-02-2006,Corporate,PROD000174,Mops - 744,Household Items,Mops,92,India,East,West Bengal,Tier 2,700001,174,40605.58,10,0.22,8045.7
ORD000175,07-01-2021,09-01-2019,09-01-2021,First Class,Large,2019,CUST000175,Christopher Lindsey,04-01-1964,Consumer,PROD000175,Buckets - 532,Household Items,Buckets,56,India,North,Uttar Pradesh,Village,226001,175,1919.39,1,0.3,311.26
ORD000176,13-05-2019,17-10-2022,19-05-2019,Same Day,Medium,2021,CUST000176,Leslie Russell,10-04-1960,Consumer,PROD000176,Fans - 127,Electric Appliances,Fans,79,India,West,West Bengal,Village,700001,176,26047.11,1,0.12,2622.63
ORD000441,19-05-2023,09-11-2019,25-05-2023,Same Day,Large,2022,CUST000441,Jill Kelly,17-07-1984,Consumer,PROD000441,Sandwiches - 490,Fast Food,Sandwiches,32,India,North,Maharashtra,Tier 1,400001,441,32197.57,2,0.06,3288.39
ORD000442,22-03-2023,14-11-2022,24-03-2023,First Class,Large,2023,CUST000442,Lori Barber,23-03-1984,Corporate,PROD000442,Tomatoes - 257,Sessional Fruits & Vegetables,Tomatoes,104,India,West,West Bengal,Tier 1,700001,442,28877.16,7,0.4,2442.77
ORD000443,26-11-2023,28-03-2019,29-11-2023,First Class,Medium,2019,CUST000443,Brandy Perez,08-08-2013,Consumer,PROD000443,Mangoes - 372,Sessional Fruits & Vegetables,Mangoes,89,India,West,Tamil Nadu,Tier 2,600001,443,46145.51,1,0.14,9480.15
ORD000444,04-09-2020,28-01-2021,08-09-2020,First Class,Small,2020,CUST000444,Deborah Martin,11-02-2007,Corporate,PROD000444,Mangoes - 370,Sessional Fruits & Vegetables,Mangoes,28,India,West,Uttar Pradesh,Village,226001,444,25910.66,1,0.42,2607.05
ORD000445,29-05-2022,22-08-2019,02-06-2022,Second Class,Medium,2020,CUST000445,Miranda Hall,19-06-2013,Consumer,PROD000445,Pizzas - 681,Fast Food,Pizzas,74,India,West,Tamil Nadu,Village,600001,445,717.15,3,0.22,132.26
ORD000446,28-12-2020,09-06-2021,03-01-2021,Second Class,Medium,2019,CUST000446,Bonnie Vargas,05-02-2002,Consumer,PROD000446,Washing Machines - 482,Electric Appliances,Washing Machines,45,India,West,Karnataka,Tier 2,560001,446,13026.03,1,0.14,2042.69
ORD000447,20-11-2020,04-08-2023,24-11-2020,Same Day,Small,2021,CUST000447,Mary Palmer,28-01-1997,Corporate,PROD000447,Apples - 544,Sessional Fruits & Vegetables,Apples,73,India,East,Gujarat,Tier 1,380001,447,6506.41,2,0.03,1096.22
ORD000448,16-02-2019,04-05-2023,21-02-2019,Second Class,Medium,2023,CUST000448,Shawna Martin,29-06-1976,Corporate,PROD000448,Milk - 580,Dairy Products,Milk,1,India,East,Tamil Nadu,Tier 2,600001,448,3594.04,9,0.41,335.99
ORD000449,02-11-2019,04-02-2020,07-11-2019,Standard Class,Large,2019,CUST000449,Andrew Young,21-01-1995,Corporate,PROD000449,Pizzas - 764,Fast Food,Pizzas,36,India,East,Gujarat,Tier 2,380001,449,46951.89,5,0.35,3790.7
ORD000450,30-10-2019,13-08-2019,02-11-2019,Same Day,Medium,2019,CUST000450,Megan Bailey,10-07-1969,Corporate,PROD000450,Apples - 816,Sessional Fruits & Vegetables,Apples,67,India,East,Delhi,Tier 2,110001,450,4195.3,7,0.16,935.3
ORD000451,13-07-2019,18-02-2020,15-07-2019,Standard Class,Medium,2022,CUST000451,Jeremy Wallace,09-04-2005,Consumer,PROD000451,Microwaves - 736,Electric Appliances,Microwaves,31,India,North,Madhya Pradesh,Tier 2,462001,451,23193.57,9,0.44,2152.97
ORD000452,09-04-2023,18-07-2022,15-04-2023,First Class,Small,2019,CUST000452,Donna Miller,17-08-1977,Corporate,PROD000452,Washing Machines - 845,Electric Appliances,Washing Machines,78,India,North,Rajasthan,Tier 1,302001,452,10236.92,7,0.13,2573.57
ORD000453,17-10-2019,03-03-2021,22-10-2019,Same Day,Medium,2019,CUST000453,Justin Alexander,03-07-2012,Consumer,PROD000453,Microwaves - 502,Electric Appliances,Microwaves,70,India,North,Uttar Pradesh,Tier 2,226001,453,20871.32,5,0.21,3422.77
ORD000454,20-07-2023,20-05-2020,26-07-2023,Standard Class,Small,2019,CUST000454,William Larson,14-07-1983,Consumer,PROD000454,Mangoes - 299,Sessional Fruits & Vegetables,Mangoes,110,India,East,Tamil Nadu,Village,600001,454,8022.79,7,0.03,2091.35
ORD000455,02-03-2023,30-07-2023,09-03-2023,Same Day,Medium,2020,CUST000455,Jeremy Rivas,03-06-1954,Consumer,PROD000455,Chairs - 127,Furniture,Chairs,48,India,East,Uttar Pradesh,Tier 1,226001,455,30198.43,1,0.37,1930.83
ORD000456,17-06-2020,17-07-2023,22-06-2020,Same Day,Large,2019,CUST000456,Richard Dennis,27-08-1985,Consumer,PROD000456,Beds - 275,Furniture,Beds,41,India,South,Maharashtra,Tier 2,400001,456,42496.32,2,0.3,7488.32
ORD000457,03-11-2019,09-04-2022,09-11-2019,Second Class,Small,2020,CUST000457,Matthew Rodriguez,20-11-1956,Corporate,PROD000457,Detergents - 495,Household Items,Detergents,85,India,North,West Bengal,Tier 2,700001,457,2381.15,8,0.15,357.25
ORD000458,30-03-2023,21-11-2023,04-04-2023,Second Class,Small,2020,CUST000458,Tyler Williams,22-11-1965,Consumer,PROD000458,Pizzas - 135,Fast Food,Pizzas,28,India,West,Uttar Pradesh,Village,226001,458,18059.59,5,0.12,2439.22
ORD000459,18-04-2023,31-07-2022,19-04-2023,First Class,Medium,2022,CUST000459,Jennifer White,04-06-1985,Consumer,PROD000459,Apples - 292,Sessional Fruits & Vegetables,Apples,11,India,South,Madhya Pradesh,Village,462001,459,35107.47,5,0.15,8041.21
ORD000460,29-03-2022,01-02-2021,01-04-2022,First Class,Large,2019,CUST000460,Erika Patton,25-05-1955,Consumer,PROD000460,Mops - 610,Household Items,Mops,82,India,East,Delhi,Village,110001,460,7473.03,2,0.16,1075.71
ORD000461,09-09-2022,04-11-2019,14-09-2022,Same Day,Medium,2020,CUST000461,Margaret Christian,26-08-1956,Corporate,PROD000461,Buckets - 586,Household Items,Buckets,52,India,West,Gujarat,Village,380001,461,10463.93,2,0.19,1900.73
ORD000462,27-01-2021,29-04-2019,31-01-2021,Same Day,Medium,2021,CUST000462,Brian Smith,13-05-1972,Consumer,PROD000462,Washing Machines - 408,Electric Appliances,Washing Machines,59,India,South,Karnataka,Tier 2,560001,462,32702.03,1,0.09,5876.92
ORD000463,30-08-2021,21-02-2021,01-09-2021,Same Day,Medium,2023,CUST000463,Bethany Davis,20-02-1964,Corporate,PROD000463,Mops - 373,Household Items,Mops,82,India,East,Delhi,Village,110001,463,17736.59,4,0.41,1742.28
ORD000464,03-10-2020,09-04-2021,04-10-2020,Second Class,Large,2020,CUST000464,Timothy Mathews,27-08-1984,Corporate,PROD000464,Yogurt - 558,Dairy Products,Yogurt,115,India,East,Punjab,Village,160001,464,29879.65,5,0.19,7160.97
ORD000465,11-08-2019,18-05-2022,16-08-2019,Standard Class,Small,2021,CUST000465,Mary Bailey,20-02-1997,Consumer,PROD000465,Yogurt - 802,Dairy Products,Yogurt,59,India,South,Karnataka,Tier 2,560001,465,7540.61,10,0.14,715.89
ORD000466,12-12-2022,31-12-2023,13-12-2022,Standard Class,Medium,2023,CUST000466,Dominique Gomez,26-05-1986,Corporate,PROD000466,Sofas - 753,Furniture,Sofas,85,India,North,West Bengal,Tier 2,700001,466,29746.73,2,0.36,1989.67
ORD000467,26-06-2022,19-10-2022,28-06-2022,Same Day,Small,2020,CUST000467,Melanie Hopkins,23-01-1966,Corporate,PROD000467,Pizzas - 286,Fast Food,Pizzas,80,India,South,Rajasthan,Tier 1,302001,467,7573.55,10,0.41,1305.09
ORD000468,17-09-2020,04-10-2023,21-09-2020,Same Day,Small,2022,CUST000468,Leslie Robertson,12-06-1967,Consumer,PROD000468,Detergents - 414,Household Items,Detergents,14,India,South,West Bengal,Tier 1,700001,468,25074.02,1,0.01,5936.83
ORD000469,25-09-2019,02-10-2023,28-09-2019,First Class,Small,2022,CUST000469,Heather Barnes,04-02-2007,Corporate,PROD000469,Sofas - 952,Furniture,Sofas,1,India,East,Tamil Nadu,Tier 2,600001,469,13573.39,5,0.39,1177.98
ORD000470,08-04-2021,05-02-2021,10-04-2021,First Class,Large,2021,CUST000470,Pamela Johnson,03-04-1981,Consumer,PROD000470,Cheese - 759,Dairy Products,Cheese,96,India,South,Tamil Nadu,Tier 1,600001,470,26863.15,5,0.07,3510.68
ORD000471,23-06-2021,11-06-2021,24-06-2021,Standard Class,Large,2023,CUST000471,Robin Powell,05-12-1954,Corporate,PROD000471,Tables - 378,Furniture,Tables,20,India,East,Gujarat,Village,380001,471,32839.41,4,0.32,3606.8
ORD000472,28-04-2021,06-01-2021,04-05-2021,Standard Class,Large,2019,CUST000472,Wendy Butler,08-06-2015,Corporate,PROD000472,Chairs - 188,Furniture,Chairs,101,India,North,Madhya Pradesh,Tier 1,462001,472,19065.87,9,0.18,4624.97
ORD000473,13-07-2020,15-07-2020,14-07-2020,Same Day,Small,2023,CUST000473,Crystal Davis,09-01-1988,Corporate,PROD000473,Detergents - 799,Household Items,Detergents,100,India,East,Rajasthan,Tier 2,302001,473,39046.24,3,0.32,6564.6
ORD000474,20-08-2023,31-03-2023,25-08-2023,Standard Class,Large,2020,CUST000474,Kelly Estrada,05-12-1980,Corporate,PROD000474,Microwaves - 475,Electric Appliances,Microwaves,20,India,East,Gujarat,Village,380001,474,25045.91,7,0.15,5669.27
ORD000475,12-03-2023,02-04-2020,16-03-2023,Standard Class,Large,2022,CUST000475,Steve Mullen,07-10-2015,Consumer,PROD000475,Tables - 729,Furniture,Tables,99,India,South,West Bengal,Village,700001,475,10886.09,3,0.11,1943.76
ORD000476,15-01-2022,06-09-2021,22-01-2022,Standard Class,Large,2020,CUST000476,Lisa Howell,01-07-2015,Corporate,PROD000476,Milk - 588,Dairy Products,Milk,23,India,South,Rajasthan,Tier 2,302001,476,43615.15,8,0.33,6253.1
ORD000477,22-12-2020,13-09-2021,23-12-2020,Standard Class,Medium,2021,CUST000477,Katherine Copeland,03-04-2017,Consumer,PROD000477,Sandwiches - 235,Fast Food,Sandwiches,37,India,South,Punjab,Tier 2,160001,477,14375.58,4,0.43,1439.72
ORD000478,01-04-2019,22-06-2019,07-04-2019,First Class,Large,2023,CUST000478,Richard Rivera,27-06-1990,Corporate,PROD000478,Sandwiches - 238,Fast Food,Sandwiches,108,India,West,Rajasthan,Tier 2,302001,478,7795.89,6,0.08,1875.02
ORD000479,27-03-2020,17-07-2019,29-03-2020,First Class,Medium,2022,CUST000479,Laura Roberts,23-05-1989,Corporate,PROD000479,Tables - 398,Furniture,Tables,24,India,West,Rajasthan,Tier 1,302001,479,18106.85,4,0.18,3217.43
ORD000480,12-12-2020,06-11-2023,18-12-2020,First Class,Medium,2020,CUST000480,Mary Campos,01-12-2010,Consumer,PROD000480,Chairs - 567,Furniture,Chairs,31,India,North,Madhya Pradesh,Tier 2,462001,480,2299.13,10,0.24,348.51
ORD000481,24-07-2020,10-10-2021,30-07-2020,Second Class,Medium,2020,CUST000481,Brian Stafford,04-10-1959,Corporate,PROD000481,Sandwiches - 431,Fast Food,Sandwiches,11,India,South,Madhya Pradesh,Village,462001,481,45965.79,5,0.03,6686.49
ORD000314,01-01-2022,03-11-2019,07-01-2022,First Class,Medium,2019,CUST000314,Chelsey Garcia,03-07-1992,Consumer,PROD000314,Tomatoes - 347,Sessional Fruits & Vegetables,Tomatoes,44,India,North,Delhi,Tier 1,110001,314,24759.2,5,0.12,2879.15
ORD000315,19-06-2023,19-10-2020,25-06-2023,Second Class,Small,2020,CUST000315,Douglas Wilson,04-09-2015,Consumer,PROD000315,Cheese - 528,Dairy Products,Cheese,115,India,East,Punjab,Village,160001,315,49525.45,9,0.5,2975.06
ORD000316,05-09-2023,20-10-2020,09-09-2023,Standard Class,Large,2020,CUST000316,Victor Clayton,19-04-1994,Consumer,PROD000316,Apples - 921,Sessional Fruits & Vegetables,Apples,94,India,West,West Bengal,Tier 2,700001,316,19011.56,9,0.49,1000.91
ORD000317,08-12-2021,27-03-2021,11-12-2021,Second Class,Small,2019,CUST000317,Darrell Thompson,07-07-1974,Corporate,PROD000317,Pizzas - 214,Fast Food,Pizzas,12,India,East,Madhya Pradesh,Village,462001,317,16379.86,7,0.29,2320.15
ORD000318,01-06-2022,18-01-2022,08-06-2022,First Class,Small,2023,CUST000318,Dylan Anderson,03-01-1991,Consumer,PROD000318,Microwaves - 857,Electric Appliances,Microwaves,36,India,East,Gujarat,Tier 2,380001,318,40973.5,6,0.41,4118.25
ORD000319,13-09-2021,29-12-2019,18-09-2021,Standard Class,Medium,2020,CUST000319,Donald Mason,30-09-1964,Corporate,PROD000319,Tables - 716,Furniture,Tables,118,India,West,Maharashtra,Village,400001,319,20704.97,1,0.47,2029.17
ORD000320,15-12-2023,12-02-2020,20-12-2023,Same Day,Large,2020,CUST000320,Tyler James,10-06-1972,Corporate,PROD000320,Mops - 382,Household Items,Mops,61,India,West,Tamil Nadu,Tier 1,600001,320,28720.03,8,0.45,3931.78
ORD000321,31-07-2020,12-08-2022,04-08-2020,Second Class,Large,2021,CUST000321,Andrew Smith,15-02-1965,Consumer,PROD000321,Sandwiches - 737,Fast Food,Sandwiches,64,India,North,Gujarat,Tier 1,380001,321,8568,4,0.38,1397.04
ORD000322,10-01-2020,12-12-2020,11-01-2020,Second Class,Small,2020,CUST000322,Larry Williams,09-08-1966,Consumer,PROD000322,Pizzas - 242,Fast Food,Pizzas,90,India,East,Maharashtra,Tier 2,400001,322,47862.97,5,0.36,7338.6
ORD000323,12-05-2022,29-08-2023,13-05-2022,Same Day,Large,2019,CUST000323,Robert Lucas,17-06-1997,Corporate,PROD000323,Sofas - 930,Furniture,Sofas,83,India,North,Gujarat,Tier 2,380001,323,18166.53,2,0.1,4577.51
ORD000324,02-03-2021,28-09-2019,07-03-2021,Standard Class,Medium,2020,CUST000324,Phillip Lee,28-05-1960,Consumer,PROD000324,Butter - 893,Dairy Products,Butter,114,India,West,Madhya Pradesh,Tier 1,462001,324,46946.6,4,0.32,9535.84
ORD000325,28-08-2020,23-01-2023,03-09-2020,Same Day,Large,2023,CUST000325,Chase Smith,30-01-1960,Corporate,PROD000325,Washing Machines - 910,Electric Appliances,Washing Machines,69,India,North,Madhya Pradesh,Village,462001,325,20852.08,10,0.11,5063.97
ORD000326,12-10-2023,17-10-2023,19-10-2023,Same Day,Large,2022,CUST000326,Stephanie Cole,23-07-2009,Consumer,PROD000326,Carrots - 190,Sessional Fruits & Vegetables,Carrots,24,India,West,Rajasthan,Tier 1,302001,326,49195.79,4,0.17,5743.86
ORD000327,09-09-2019,01-09-2019,13-09-2019,First Class,Medium,2020,CUST000327,Natalie Wilson,02-06-2015,Corporate,PROD000327,Detergents - 964,Household Items,Detergents,85,India,North,West Bengal,Tier 2,700001,327,44994.1,8,0.1,9399.05
ORD000328,08-01-2020,26-02-2021,10-01-2020,Second Class,Small,2022,CUST000328,Susan Fox,17-07-1994,Corporate,PROD000328,Carrots - 272,Sessional Fruits & Vegetables,Carrots,41,India,South,Maharashtra,Tier 2,400001,328,31364.36,6,0.18,6157.52
ORD000329,05-11-2023,01-09-2022,11-11-2023,Same Day,Small,2019,CUST000329,Brenda Mcdaniel,04-01-1996,Consumer,PROD000329,Mops - 902,Household Items,Mops,6,India,South,Uttar Pradesh,Tier 1,226001,329,247.9,4,0.18,23.59
ORD000330,01-10-2023,04-04-2023,08-10-2023,Standard Class,Small,2023,CUST000330,Richard Key,25-03-1961,Consumer,PROD000330,Sandwiches - 412,Fast Food,Sandwiches,98,India,South,Delhi,Village,110001,330,7277.82,10,0.38,1200.66
ORD000331,22-04-2022,26-02-2019,24-04-2022,First Class,Small,2019,CUST000331,Belinda Atkins,26-10-1965,Corporate,PROD000331,Sandwiches - 566,Fast Food,Sandwiches,86,India,South,Uttar Pradesh,Tier 2,226001,331,6631.04,2,0.03,1227.63
ORD000332,21-11-2019,15-09-2020,26-11-2019,First Class,Small,2019,CUST000332,Laurie Green,20-04-1976,Corporate,PROD000332,Tables - 375,Furniture,Tables,83,India,North,Gujarat,Tier 2,380001,332,22316.85,4,0.02,3446.59
ORD000333,21-11-2020,27-05-2020,22-11-2020,Same Day,Medium,2020,CUST000333,Darryl Hayes,04-09-1958,Corporate,PROD000333,Sofas - 346,Furniture,Sofas,113,India,West,Rajasthan,Village,302001,333,20346.4,6,0.3,3028.49
ORD000334,03-04-2019,28-01-2022,08-04-2019,Second Class,Large,2021,CUST000334,Cassandra Stevens,25-03-1981,Consumer,PROD000334,Apples - 526,Sessional Fruits & Vegetables,Apples,20,India,East,Gujarat,Village,380001,334,28580.57,9,0.03,5117.13
ORD000335,19-11-2023,01-07-2021,20-11-2023,Standard Class,Small,2022,CUST000335,Zachary Cooley,24-02-2000,Corporate,PROD000335,Fans - 933,Electric Appliances,Fans,81,India,South,Karnataka,Village,560001,335,31957.99,9,0.42,3332.31
ORD000336,10-01-2022,11-01-2022,12-01-2022,First Class,Large,2022,CUST000336,Heather Burton,18-05-1969,Consumer,PROD000336,Burgers - 986,Fast Food,Burgers,92,India,East,West Bengal,Tier 2,700001,336,20513.32,3,0.16,2902.75
ORD000337,21-10-2020,09-10-2021,23-10-2020,Standard Class,Small,2020,CUST000337,Jasmine Adams,03-02-1951,Corporate,PROD000337,Carrots - 385,Sessional Fruits & Vegetables,Carrots,39,India,East,Karnataka,Tier 2,560001,337,19978.61,9,0.19,3804.52
ORD000338,23-07-2020,24-12-2020,28-07-2020,Standard Class,Large,2019,CUST000338,Michael Davis,30-05-2015,Consumer,PROD000338,Mops - 875,Household Items,Mops,91,India,West,Gujarat,Tier 1,380001,338,34131.65,3,0.21,6988.07
ORD000339,25-04-2022,01-05-2020,30-04-2022,First Class,Medium,2022,CUST000339,Alyssa Bowen,12-01-1978,Corporate,PROD000339,Pizzas - 427,Fast Food,Pizzas,73,India,East,Gujarat,Tier 1,380001,339,22654.46,6,0.29,4245.05
ORD000340,04-09-2023,12-08-2019,08-09-2023,Same Day,Small,2020,CUST000340,Jason Green,21-04-1990,Consumer,PROD000340,Buckets - 125,Household Items,Buckets,20,India,East,Gujarat,Village,380001,340,10838.19,5,0.23,1102.31
ORD000341,14-08-2020,12-02-2019,15-08-2020,Second Class,Small,2021,CUST000341,Angela Lee,15-04-2001,Corporate,PROD000341,Tomatoes - 595,Sessional Fruits & Vegetables,Tomatoes,44,India,North,Delhi,Tier 1,110001,341,6935.1,9,0.38,745.93
ORD000342,23-01-2019,06-02-2021,24-01-2019,Standard Class,Medium,2021,CUST000342,Casey Jenkins,23-04-1997,Consumer,PROD000342,Fries - 881,Fast Food,Fries,27,India,North,Delhi,Tier 2,110001,342,371.72,4,0.07,59.4
ORD000343,30-08-2020,06-11-2021,04-09-2020,First Class,Large,2020,CUST000343,Kathleen Trevino,20-07-2000,Corporate,PROD000343,Mangoes - 721,Sessional Fruits & Vegetables,Mangoes,48,India,East,Uttar Pradesh,Tier 1,226001,343,32595.39,10,0.38,3210.53
ORD000344,23-04-2023,05-11-2020,30-04-2023,Standard Class,Large,2019,CUST000344,Joseph Brown,15-07-2009,Corporate,PROD000344,Mops - 427,Household Items,Mops,7,India,North,Karnataka,Tier 1,560001,344,20801.68,9,0.1,2833.13
ORD000345,04-03-2022,30-08-2019,10-03-2022,First Class,Large,2020,CUST000345,Michael Clements,04-09-2015,Consumer,PROD000345,Mops - 311,Household Items,Mops,91,India,West,Gujarat,Tier 1,380001,345,23280.38,2,0.42,3081.76
ORD000346,05-12-2021,08-10-2021,11-12-2021,Same Day,Large,2023,CUST000346,Shannon Morales,04-05-1988,Consumer,PROD000346,Fries - 853,Fast Food,Fries,68,India,West,Punjab,Tier 2,160001,346,32911.29,8,0.07,5127.84
ORD000347,25-04-2023,14-07-2019,29-04-2023,First Class,Small,2022,CUST000347,Roger Lewis,27-04-1992,Corporate,PROD000347,Refrigerators - 807,Electric Appliances,Refrigerators,51,India,West,Delhi,Tier 1,110001,347,8955.05,3,0.21,1419.23
ORD000348,11-09-2023,07-12-2019,13-09-2023,Same Day,Small,2021,CUST000348,Ashley Benjamin,02-08-1951,Corporate,PROD000348,Milk - 273,Dairy Products,Milk,41,India,South,Maharashtra,Tier 2,400001,348,43044.02,8,0.18,4221.48
ORD000349,03-09-2021,10-02-2023,08-09-2021,Standard Class,Small,2021,CUST000349,Amber Jones,01-06-1964,Corporate,PROD000349,Detergents - 519,Household Items,Detergents,69,India,North,Madhya Pradesh,Village,462001,349,32081.74,2,0.14,5619.66
ORD000350,18-07-2022,13-08-2020,23-07-2022,Second Class,Large,2021,CUST000350,Tina Mclaughlin,08-04-1993,Consumer,PROD000350,Microwaves - 498,Electric Appliances,Microwaves,104,India,West,West Bengal,Tier 1,700001,350,41129.82,3,0.07,7946.28
ORD000351,30-06-2019,26-11-2022,04-07-2019,First Class,Small,2022,CUST000351,Tina Lynch,04-09-2000,Corporate,PROD000351,Sofas - 231,Furniture,Sofas,7,India,North,Karnataka,Tier 1,560001,351,44082.7,5,0.27,4841.49
ORD000352,10-05-2023,07-07-2021,15-05-2023,Same Day,Medium,2019,CUST000352,Ryan Jackson,28-06-1960,Consumer,PROD000352,Mangoes - 832,Sessional Fruits & Vegetables,Mangoes,39,India,East,Karnataka,Tier 2,560001,352,13492.83,7,0.38,1508.41
ORD000353,18-04-2019,07-06-2021,22-04-2019,Second Class,Small,2022,CUST000353,Steven Ward,25-08-2005,Consumer,PROD000353,Fans - 600,Electric Appliances,Fans,37,India,South,Punjab,Tier 2,160001,353,47006.35,7,0.25,8509.91
ORD000354,05-03-2021,19-05-2019,07-03-2021,Standard Class,Large,2021,CUST000354,Elizabeth Johnson,20-08-1969,Consumer,PROD000354,Washing Machines - 905,Electric Appliances,Washing Machines,6,India,South,Uttar Pradesh,Tier 1,226001,354,5978.59,8,0.41,524.68
ORD000355,23-09-2020,20-06-2021,25-09-2020,Second Class,Medium,2019,CUST000355,Hannah Coleman,26-02-2017,Consumer,PROD000355,Yogurt - 663,Dairy Products,Yogurt,114,India,West,Madhya Pradesh,Tier 1,462001,355,22189.84,1,0.35,2705.76
ORD000356,28-02-2019,11-02-2021,05-03-2019,Same Day,Medium,2019,CUST000356,Christopher Garrison,20-01-2008,Consumer,PROD000356,Milk - 844,Dairy Products,Milk,113,India,West,Rajasthan,Village,302001,356,10107.45,8,0.13,1101.83
ORD000357,08-12-2023,15-12-2023,09-12-2023,First Class,Large,2020,CUST000357,Christopher Pena,02-11-2016,Consumer,PROD000357,Sofas - 145,Furniture,Sofas,11,India,South,Madhya Pradesh,Village,462001,357,17551.16,5,0.06,4785.37
ORD000358,15-09-2023,31-01-2020,16-09-2023,Second Class,Medium,2022,CUST000358,Bradley Graham,29-11-1963,Corporate,PROD000358,Yogurt - 599,Dairy Products,Yogurt,109,India,South,Madhya Pradesh,Tier 1,462001,358,32189.62,8,0.1,5425.1
ORD000359,20-08-2022,26-02-2023,22-08-2022,Second Class,Medium,2019,CUST000359,Linda Andrade,18-05-1990,Corporate,PROD000359,Sofas - 553,Furniture,Sofas,27,India,North,Delhi,Tier 2,110001,359,36126.61,4,0.11,9242.07
ORD000360,17-06-2023,17-12-2020,21-06-2023,Second Class,Medium,2023,CUST000360,Adrian Robinson,21-07-1970,Consumer,PROD000360,Fries - 928,Fast Food,Fries,34,India,North,Punjab,Tier 2,160001,360,34061.32,10,0.03,3758.74
ORD000361,20-06-2023,30-10-2019,26-06-2023,First Class,Medium,2021,CUST000361,Michael Parks,29-12-1991,Corporate,PROD000361,Chairs - 486,Furniture,Chairs,21,India,West,Uttar Pradesh,Tier 2,226001,361,15500.73,9,0.34,1279.88
ORD000362,02-01-2020,10-07-2019,04-01-2020,First Class,Small,2019,CUST000362,Joseph Thomas,24-09-2004,Corporate,PROD000362,Mops - 555,Household Items,Mops,94,India,West,West Bengal,Tier 2,700001,362,34329.8,4,0.1,3585.31
ORD000363,09-09-2022,12-05-2019,11-09-2022,Standard Class,Medium,2022,CUST000363,Sergio Camacho,05-07-1971,Consumer,PROD000363,Chairs - 950,Furniture,Chairs,5,India,North,West Bengal,Village,700001,363,37201.18,8,0.2,6552.74
ORD000364,04-06-2019,07-08-2023,08-06-2019,First Class,Large,2020,CUST000364,Tommy Mcconnell,06-03-1965,Corporate,PROD000364,Fans - 230,Electric Appliances,Fans,29,India,South,Punjab,Village,160001,364,38276.14,5,0.11,5175.46
ORD000365,31-08-2019,19-08-2020,04-09-2019,Standard Class,Large,2020,CUST000365,Michelle Weiss,15-07-1993,Corporate,PROD000365,Butter - 917,Dairy Products,Butter,52,India,West,Gujarat,Village,380001,365,8889.84,9,0.08,1956.35
ORD000366,15-11-2019,21-05-2019,17-11-2019,Same Day,Medium,2019,CUST000366,Brandon Jackson,29-06-2016,Consumer,PROD000366,Tables - 980,Furniture,Tables,42,India,North,Punjab,Village,160001,366,31267.18,9,0.24,5384.38
ORD000367,19-03-2019,11-04-2021,23-03-2019,Same Day,Large,2019,CUST000367,James Perez,28-01-1966,Consumer,PROD000367,Fries - 881,Fast Food,Fries,120,India,South,Gujarat,Village,380001,367,32843.81,4,0.25,6881.08
ORD000368,08-02-2021,31-12-2020,15-02-2021,First Class,Large,2023,CUST000368,Julie Torres,30-08-1971,Corporate,PROD000368,Sofas - 723,Furniture,Sofas,58,India,North,Karnataka,Tier 2,560001,368,11528.01,7,0.49,716.33
ORD000369,30-05-2021,07-06-2020,06-06-2021,Second Class,Medium,2022,CUST000369,Jeanette Ortiz,27-06-2010,Consumer,PROD000369,Tomatoes - 648,Sessional Fruits & Vegetables,Tomatoes,21,India,West,Uttar Pradesh,Tier 2,226001,369,26457.12,2,0.09,6326.16
ORD000370,20-01-2023,11-05-2020,25-01-2023,Same Day,Medium,2023,CUST000370,Vanessa Everett,16-05-1974,Corporate,PROD000370,Beds - 843,Furniture,Beds,99,India,South,West Bengal,Village,700001,370,46266.45,4,0.15,11056.51
ORD000371,17-01-2020,25-08-2019,21-01-2020,Same Day,Medium,2019,CUST000371,Denise Rodriguez,24-10-1952,Corporate,PROD000371,Refrigerators - 159,Electric Appliances,Refrigerators,13,India,North,Uttar Pradesh,Tier 1,226001,371,1352.14,1,0.18,301.11
ORD000372,23-08-2021,08-07-2021,24-08-2021,First Class,Small,2019,CUST000372,Kimberly Ortiz,29-05-2000,Consumer,PROD000372,Carrots - 266,Sessional Fruits & Vegetables,Carrots,117,India,North,Karnataka,Village,560001,372,22101.79,1,0.31,2736.26
ORD000373,03-10-2019,28-06-2019,08-10-2019,Second Class,Medium,2020,CUST000373,Courtney Gibson,02-02-2004,Consumer,PROD000373,Mangoes - 338,Sessional Fruits & Vegetables,Mangoes,66,India,South,Rajasthan,Village,302001,373,7737.4,6,0.23,1719.94
ORD000374,24-12-2020,22-01-2021,25-12-2020,Standard Class,Small,2021,CUST000374,William Wright,08-09-1959,Corporate,PROD000374,Utensils - 146,Household Items,Utensils,20,India,East,Gujarat,Village,380001,374,20515.9,7,0.21,3113.44
ORD000375,24-05-2021,29-01-2019,30-05-2021,First Class,Large,2023,CUST000375,Michael Mendez,12-08-1991,Consumer,PROD000375,Butter - 146,Dairy Products,Butter,97,India,West,Karnataka,Tier 1,560001,375,47423.71,1,0.42,4079.88
ORD000376,27-02-2021,15-07-2023,04-03-2021,Standard Class,Large,2022,CUST000376,Ivan Blair,11-06-1974,Consumer,PROD000376,Detergents - 296,Household Items,Detergents,100,India,East,Rajasthan,Tier 2,302001,376,41107.77,1,0.32,5417.74
ORD000377,06-07-2022,10-12-2020,11-07-2022,First Class,Large,2020,CUST000377,Alex Lewis,09-10-1970,Corporate,PROD000377,Fans - 583,Electric Appliances,Fans,95,India,West,Delhi,Village,110001,377,34014.9,6,0.11,4954.48
ORD000378,02-10-2023,02-11-2022,03-10-2023,Standard Class,Large,2019,CUST000378,Andrea Johnson,16-12-1980,Consumer,PROD000378,Fans - 195,Electric Appliances,Fans,10,India,West,Gujarat,Tier 2,380001,378,27627.97,6,0.29,4312.67
ORD000379,21-09-2022,09-01-2020,27-09-2022,Standard Class,Small,2022,CUST000379,Alexandra Sanders,31-05-1997,Consumer,PROD000379,Tomatoes - 549,Sessional Fruits & Vegetables,Tomatoes,15,India,North,Gujarat,Village,380001,379,47534.31,2,0.05,9162.32
ORD000380,03-12-2022,15-06-2023,05-12-2022,Standard Class,Small,2023,CUST000380,Thomas Garcia,03-03-2013,Corporate,PROD000380,Yogurt - 440,Dairy Products,Yogurt,5,India,North,West Bengal,Village,700001,380,32249.38,2,0.32,5053.71
ORD000381,27-01-2020,24-06-2019,31-01-2020,Second Class,Small,2023,CUST000381,Alan Jones,29-01-2004,Consumer,PROD000381,Fans - 919,Electric Appliances,Fans,106,India,East,Karnataka,Village,560001,381,31819.93,6,0.37,4180.73
ORD000382,21-12-2023,09-04-2019,27-12-2023,Standard Class,Large,2022,CUST000382,Victor Reyes,31-12-1979,Corporate,PROD000382,Tables - 115,Furniture,Tables,77,India,East,Uttar Pradesh,Tier 2,226001,382,46085.21,9,0.1,11050.68
ORD000482,11-04-2021,12-12-2021,16-04-2021,Standard Class,Medium,2019,CUST000482,Jeremy Sloan,15-12-1968,Corporate,PROD000482,Burgers - 657,Fast Food,Burgers,96,India,South,Tamil Nadu,Tier 1,600001,482,19135.37,8,0.46,2602.65
ORD000483,08-12-2020,05-07-2023,12-12-2020,Second Class,Small,2023,CUST000483,Michael Smith,20-07-2003,Corporate,PROD000483,Utensils - 960,Household Items,Utensils,10,India,West,Gujarat,Tier 2,380001,483,3513.84,5,0.46,559.94
ORD000484,01-10-2020,25-09-2021,04-10-2020,Second Class,Small,2021,CUST000484,Amy Cox,31-10-1987,Consumer,PROD000484,Fans - 832,Electric Appliances,Fans,88,India,East,Maharashtra,Tier 1,400001,484,10296.57,3,0.4,1747.67
ORD000485,19-07-2019,05-07-2019,24-07-2019,Same Day,Small,2023,CUST000485,Jeremiah Harvey,02-01-1955,Corporate,PROD000485,Chairs - 466,Furniture,Chairs,92,India,East,West Bengal,Tier 2,700001,485,29553.04,1,0.05,7357.9
ORD000486,24-07-2022,04-10-2020,29-07-2022,First Class,Large,2019,CUST000486,Kevin Gibson,30-06-1976,Consumer,PROD000486,Sandwiches - 382,Fast Food,Sandwiches,81,India,South,Karnataka,Village,560001,486,30363.78,1,0.17,6890.87
ORD000487,10-04-2019,09-04-2022,14-04-2019,Standard Class,Small,2021,CUST000487,Rebecca Riley,21-04-2002,Corporate,PROD000487,Sandwiches - 132,Fast Food,Sandwiches,38,India,East,Punjab,Tier 1,160001,487,31986.27,4,0.09,3431.72
ORD000488,21-07-2023,01-10-2019,23-07-2023,Same Day,Medium,2019,CUST000488,Jennifer Guerrero,24-01-2018,Consumer,PROD000488,Butter - 266,Dairy Products,Butter,18,India,West,Delhi,Tier 2,110001,488,13422.02,6,0.22,1131.89
ORD000489,09-04-2022,03-10-2019,12-04-2022,Same Day,Large,2021,CUST000489,Laura Taylor,21-04-1997,Consumer,PROD000489,Utensils - 529,Household Items,Utensils,28,India,West,Uttar Pradesh,Village,226001,489,9339.69,2,0.44,1400.91
ORD000490,15-06-2023,29-06-2021,18-06-2023,First Class,Small,2023,CUST000490,Christian Shea,23-09-1991,Corporate,PROD000490,Pizzas - 237,Fast Food,Pizzas,63,India,West,Maharashtra,Tier 1,400001,490,9994.01,3,0.47,543.72
ORD000491,02-06-2019,18-04-2021,06-06-2019,Standard Class,Small,2023,CUST000491,Frederick Hartman,13-10-1954,Consumer,PROD000491,Fans - 740,Electric Appliances,Fans,96,India,South,Tamil Nadu,Tier 1,600001,491,40516.01,8,0.44,2528.1
ORD000492,21-01-2021,29-12-2019,25-01-2021,Same Day,Large,2021,CUST000492,Malik Diaz,28-05-1958,Corporate,PROD000492,Utensils - 512,Household Items,Utensils,120,India,South,Gujarat,Village,380001,492,35236.37,5,0.05,3432.61
ORD000493,12-04-2021,30-04-2023,19-04-2021,First Class,Small,2019,CUST000493,Linda Murphy,03-04-2007,Consumer,PROD000493,Milk - 543,Dairy Products,Milk,120,India,South,Gujarat,Village,380001,493,33780.56,9,0.4,4779.93
ORD000494,17-05-2022,16-09-2022,23-05-2022,First Class,Medium,2020,CUST000494,Sandra Greene,01-09-1983,Corporate,PROD000494,Butter - 525,Dairy Products,Butter,44,India,North,Delhi,Tier 1,110001,494,32914.76,3,0.45,1982.2
ORD000495,21-01-2020,27-12-2019,27-01-2020,Second Class,Small,2019,CUST000495,Harold Kelly,20-02-1989,Consumer,PROD000495,Chairs - 469,Furniture,Chairs,11,India,South,Madhya Pradesh,Village,462001,495,17197.94,9,0.49,2330.3
ORD000496,29-12-2021,02-03-2021,02-01-2022,Same Day,Small,2021,CUST000496,Brittany Perez,21-07-1994,Consumer,PROD000496,Butter - 701,Dairy Products,Butter,71,India,East,Punjab,Tier 2,160001,496,28524.61,3,0.09,2731.61
ORD000497,21-07-2023,27-07-2020,25-07-2023,Second Class,Small,2022,CUST000497,Jon Burns,13-03-2018,Corporate,PROD000497,Butter - 430,Dairy Products,Butter,34,India,North,Punjab,Tier 2,160001,497,40516.66,7,0.41,5127.32
ORD000498,15-04-2021,27-05-2022,19-04-2021,First Class,Large,2021,CUST000498,Cheryl Kennedy,01-12-1972,Consumer,PROD000498,Tomatoes - 513,Sessional Fruits & Vegetables,Tomatoes,92,India,East,West Bengal,Tier 2,700001,498,765.79,4,0.38,112.08
ORD000499,02-12-2020,08-05-2022,05-12-2020,First Class,Medium,2019,CUST000499,Brandon Wright,26-10-1975,Corporate,PROD000499,Tables - 653,Furniture,Tables,5,India,North,West Bengal,Village,700001,499,17987.19,2,0.4,2000.91
ORD000500,21-02-2020,04-02-2020,27-02-2020,First Class,Medium,2022,CUST000500,Justin Hayes,21-11-1997,Consumer,PROD000500,Buckets - 696,Household Items,Buckets,95,India,West,Delhi,Village,110001,500,16107.63,5,0.48,2356.16
ORD000501,29-11-2023,26-01-2023,30-11-2023,Same Day,Large,2022,CUST000501,Emily Taylor,05-04-1988,Corporate,PROD000501,Refrigerators - 390,Electric Appliances,Refrigerators,82,India,East,Delhi,Village,110001,501,22264.45,7,0.04,2473.6
ORD000502,06-04-2020,23-11-2022,10-04-2020,Standard Class,Medium,2019,CUST000502,Curtis Dominguez,16-08-1957,Consumer,PROD000502,Burgers - 730,Fast Food,Burgers,99,India,South,West Bengal,Village,700001,502,28894.66,2,0.16,4674.39
ORD000503,18-10-2021,27-08-2023,22-10-2021,Second Class,Medium,2023,CUST000503,Stephanie Sandoval,13-05-1964,Corporate,PROD000503,Utensils - 393,Household Items,Utensils,120,India,South,Gujarat,Village,380001,503,43509.21,5,0.32,3512.04
ORD000504,16-03-2022,28-11-2020,19-03-2022,Standard Class,Medium,2023,CUST000504,Lisa Soto,04-06-1980,Corporate,PROD000504,Pizzas - 949,Fast Food,Pizzas,110,India,East,Tamil Nadu,Village,600001,504,1925.7,8,0.2,335.6
ORD000505,13-09-2022,02-06-2021,15-09-2022,Standard Class,Medium,2023,CUST000505,Keith Perez,08-08-1988,Consumer,PROD000505,Carrots - 643,Sessional Fruits & Vegetables,Carrots,93,India,East,Tamil Nadu,Tier 1,600001,505,29910.58,8,0.06,3996.9
ORD000506,26-04-2021,16-05-2019,02-05-2021,First Class,Medium,2021,CUST000506,Daniel Thomas,01-11-1967,Corporate,PROD000506,Apples - 274,Sessional Fruits & Vegetables,Apples,58,India,North,Karnataka,Tier 2,560001,506,8264.48,3,0.08,1874.47
ORD000507,30-09-2019,24-11-2021,02-10-2019,Second Class,Small,2023,CUST000507,Jacqueline Thompson,20-10-2006,Consumer,PROD000507,Mangoes - 402,Sessional Fruits & Vegetables,Mangoes,8,India,East,Karnataka,Tier 1,560001,507,19219.04,4,0.36,3044.56
ORD000508,13-07-2022,08-12-2022,14-07-2022,First Class,Medium,2023,CUST000508,Nicole Porter,29-05-1989,Consumer,PROD000508,Butter - 608,Dairy Products,Butter,65,India,East,Uttar Pradesh,Village,226001,508,36793.93,7,0.39,3082.1
ORD000509,19-12-2022,25-09-2021,20-12-2022,First Class,Medium,2020,CUST000509,Whitney Freeman,22-07-1995,Corporate,PROD000509,Fans - 945,Electric Appliances,Fans,49,India,West,Maharashtra,Tier 2,400001,509,12481.93,3,0.48,862.8
ORD000510,12-07-2021,06-03-2021,16-07-2021,Standard Class,Large,2021,CUST000510,Daniel Thompson,23-08-1962,Corporate,PROD000510,Microwaves - 732,Electric Appliances,Microwaves,60,India,East,Delhi,Tier 1,110001,510,13808.69,10,0.02,2727.75
ORD000511,03-02-2019,20-08-2019,04-02-2019,Standard Class,Large,2020,CUST000511,Patricia Huber,01-10-2009,Corporate,PROD000511,Tomatoes - 729,Sessional Fruits & Vegetables,Tomatoes,24,India,West,Rajasthan,Tier 1,302001,511,4368.79,3,0.28,364.97
ORD000512,14-03-2021,30-10-2023,17-03-2021,First Class,Small,2019,CUST000512,Amber Erickson,21-10-1982,Consumer,PROD000512,Carrots - 953,Sessional Fruits & Vegetables,Carrots,73,India,East,Gujarat,Tier 1,380001,512,42563.7,9,0.17,10170.01
ORD000513,22-08-2019,09-11-2021,25-08-2019,Same Day,Medium,2022,CUST000513,Lance Miller,24-04-1965,Corporate,PROD000513,Milk - 331,Dairy Products,Milk,3,India,North,Maharashtra,Village,400001,513,44754.63,10,0.22,8526.1
ORD000514,20-05-2023,23-12-2022,26-05-2023,Second Class,Small,2022,CUST000514,Justin Williams,30-10-1976,Corporate,PROD000514,Beds - 972,Furniture,Beds,85,India,North,West Bengal,Tier 2,700001,514,30508.75,3,0.41,4428.34
ORD000515,07-06-2022,21-10-2022,10-06-2022,Second Class,Medium,2023,CUST000515,Ryan Myers,12-09-1960,Consumer,PROD000515,Mangoes - 467,Sessional Fruits & Vegetables,Mangoes,106,India,East,Karnataka,Village,560001,515,15281.79,4,0.24,3257.19
ORD000516,16-07-2019,19-09-2019,21-07-2019,Second Class,Small,2022,CUST000516,Dana Duran,01-03-1983,Corporate,PROD000516,Milk - 417,Dairy Products,Milk,18,India,West,Delhi,Tier 2,110001,516,3845.44,2,0.11,488.92
ORD000517,15-03-2023,12-04-2023,19-03-2023,Same Day,Large,2019,CUST000517,Laura Cooke,31-08-1965,Consumer,PROD000517,Butter - 300,Dairy Products,Butter,7,India,North,Karnataka,Tier 1,560001,517,20957.16,9,0.34,2245.31
ORD000518,13-07-2021,24-02-2020,19-07-2021,Same Day,Large,2023,CUST000518,Wendy Gray,20-03-1955,Consumer,PROD000518,Washing Machines - 858,Electric Appliances,Washing Machines,99,India,South,West Bengal,Village,700001,518,31755.17,1,0.01,7788.89
ORD000519,29-07-2022,24-03-2019,01-08-2022,Standard Class,Large,2021,CUST000519,David Lawrence,21-05-2016,Consumer,PROD000519,Mangoes - 472,Sessional Fruits & Vegetables,Mangoes,108,India,West,Rajasthan,Tier 2,302001,519,39412.59,7,0.29,6087.2
ORD000520,17-11-2022,08-05-2023,24-11-2022,First Class,Medium,2021,CUST000520,Matthew Richardson,24-10-2005,Consumer,PROD000520,Yogurt - 731,Dairy Products,Yogurt,101,India,North,Madhya Pradesh,Tier 1,462001,520,7514.44,3,0.4,1060.53
ORD000521,11-03-2021,05-09-2021,16-03-2021,Standard Class,Medium,2022,CUST000521,Jesse Valdez,20-08-1956,Consumer,PROD000521,Refrigerators - 208,Electric Appliances,Refrigerators,118,India,West,Maharashtra,Village,400001,521,25716.74,3,0.3,4230.95
ORD000522,16-10-2021,28-02-2022,22-10-2021,Second Class,Medium,2023,CUST000522,Thomas Moreno,20-12-1968,Consumer,PROD000522,Sandwiches - 740,Fast Food,Sandwiches,38,India,East,Punjab,Tier 1,160001,522,3580.02,1,0.47,258.74
ORD000523,07-05-2023,29-10-2022,14-05-2023,Same Day,Small,2019,CUST000523,Jennifer Odom,16-02-2001,Corporate,PROD000523,Buckets - 551,Household Items,Buckets,78,India,North,Rajasthan,Tier 1,302001,523,25896.69,4,0.18,6336.86
ORD000524,18-09-2023,11-12-2021,20-09-2023,Second Class,Small,2021,CUST000524,Teresa Reeves,27-02-2003,Corporate,PROD000524,Pizzas - 993,Fast Food,Pizzas,62,India,South,Tamil Nadu,Village,600001,524,23746.55,10,0.14,3857.18
ORD000525,05-04-2023,25-03-2023,06-04-2023,Standard Class,Medium,2019,CUST000525,Mark Matthews,20-03-1993,Corporate,PROD000525,Apples - 140,Sessional Fruits & Vegetables,Apples,57,India,South,Madhya Pradesh,Tier 2,462001,525,18556.67,5,0.29,2934.4
ORD000526,06-01-2021,29-06-2020,09-01-2021,First Class,Large,2022,CUST000526,Karen Williams,13-08-1992,Consumer,PROD000526,Mops - 148,Household Items,Mops,56,India,North,Uttar Pradesh,Village,226001,526,14309.07,4,0.17,2141.34
ORD000527,01-09-2023,17-12-2023,02-09-2023,Standard Class,Large,2022,CUST000527,Jeanne Gay,30-01-1966,Corporate,PROD000527,Washing Machines - 425,Electric Appliances,Washing Machines,17,India,South,Gujarat,Tier 2,380001,527,26748.43,4,0.48,2396.11
ORD000528,20-03-2023,28-08-2022,22-03-2023,First Class,Small,2019,CUST000528,Amanda Shelton,01-07-1990,Corporate,PROD000528,Milk - 665,Dairy Products,Milk,28,India,West,Uttar Pradesh,Village,226001,528,22957.13,9,0.23,3035.98
ORD000616,01-01-2023,25-01-2021,08-01-2023,Second Class,Large,2022,CUST000616,Erik Holmes,31-05-1986,Corporate,PROD000616,Tables - 116,Furniture,Tables,24,India,West,Rajasthan,Tier 1,302001,617,12310.59,5,0.47,1767.47
ORD000617,05-07-2020,07-04-2023,09-07-2020,Same Day,Medium,2021,CUST000617,Benjamin Rodriguez,12-06-2009,Consumer,PROD000617,Refrigerators - 845,Electric Appliances,Refrigerators,57,India,South,Madhya Pradesh,Tier 2,462001,618,41324.79,2,0.24,5639.17
ORD000618,10-10-2021,21-12-2022,16-10-2021,First Class,Small,2022,CUST000618,Holly Berry,18-05-1979,Consumer,PROD000618,Tables - 275,Furniture,Tables,43,India,South,West Bengal,Tier 2,700001,619,30783.6,2,0.17,3659.17
ORD000619,14-10-2023,08-01-2022,18-10-2023,Same Day,Small,2021,CUST000619,Mary Beasley,29-05-1964,Consumer,PROD000619,Burgers - 900,Fast Food,Burgers,8,India,East,Karnataka,Tier 1,560001,620,26412.98,1,0.35,2106.06
ORD000620,29-01-2020,09-03-2021,30-01-2020,Second Class,Large,2021,CUST000620,Megan Smith,01-02-1999,Consumer,PROD000620,Apples - 140,Sessional Fruits & Vegetables,Apples,59,India,South,Karnataka,Tier 2,560001,621,47779.8,8,0.34,7734.18
ORD000621,30-01-2020,07-04-2022,31-01-2020,Same Day,Large,2022,CUST000621,Tim James,18-01-2004,Consumer,PROD000621,Apples - 207,Sessional Fruits & Vegetables,Apples,26,India,South,Karnataka,Tier 1,560001,622,20163.27,7,0.19,4203.37
ORD000623,12-11-2021,06-09-2021,16-11-2021,First Class,Large,2019,CUST000623,Michael Jones,08-11-1999,Consumer,PROD000623,Chairs - 604,Furniture,Chairs,102,India,South,Tamil Nadu,Tier 2,600001,623,224.26,2,0.03,37.95
ORD000624,08-02-2020,20-05-2021,12-02-2020,Second Class,Small,2019,CUST000624,Eric Patton,09-05-1959,Corporate,PROD000624,Milk - 156,Dairy Products,Milk,18,India,West,Delhi,Tier 2,110001,624,27379.87,10,0.29,5715.02
ORD000625,19-04-2019,06-10-2022,23-04-2019,Standard Class,Medium,2019,CUST000625,Betty Peters,27-10-1971,Corporate,PROD000625,Burgers - 971,Fast Food,Burgers,116,India,North,Tamil Nadu,Tier 1,600001,625,45581.67,7,0.12,7414.27
ORD000626,07-06-2019,01-08-2021,09-06-2019,Same Day,Large,2020,CUST000626,Paul Jackson,05-04-1997,Consumer,PROD000626,Milk - 266,Dairy Products,Milk,30,India,East,Rajasthan,Tier 1,302001,626,21311.45,3,0.04,5721.66
ORD000627,29-10-2023,19-09-2023,01-11-2023,Second Class,Large,2020,CUST000627,James Martin,29-05-1991,Consumer,PROD000627,Tables - 646,Furniture,Tables,90,India,East,Maharashtra,Tier 2,400001,627,20254.62,6,0.45,1817.44
ORD000628,21-11-2020,22-08-2020,28-11-2020,Same Day,Medium,2020,CUST000628,Melanie Griffin,01-05-1993,Consumer,PROD000628,Tomatoes - 559,Sessional Fruits & Vegetables,Tomatoes,60,India,East,Delhi,Tier 1,110001,628,39638.35,2,0.34,3904.95
ORD000629,03-06-2021,06-06-2023,06-06-2021,Second Class,Small,2021,CUST000629,Aimee Torres,16-10-1951,Consumer,PROD000629,Beds - 258,Furniture,Beds,49,India,West,Maharashtra,Tier 2,400001,629,13946.36,1,0.19,3059.39
ORD000630,24-10-2020,05-09-2023,28-10-2020,Standard Class,Small,2020,CUST000630,Ruben White,07-04-2011,Consumer,PROD000630,Buckets - 870,Household Items,Buckets,90,India,East,Maharashtra,Tier 2,400001,630,44032.02,1,0.18,7693.35
ORD000631,03-08-2020,17-02-2022,10-08-2020,Standard Class,Large,2019,CUST000631,Jeremy Gates,29-11-1956,Consumer,PROD000631,Chairs - 421,Furniture,Chairs,89,India,West,Tamil Nadu,Tier 2,600001,631,30622.65,6,0.34,2512.53
ORD000632,06-05-2023,06-01-2023,07-05-2023,Same Day,Small,2021,CUST000632,Susan Wallace,30-01-1959,Consumer,PROD000632,Chairs - 860,Furniture,Chairs,54,India,South,Delhi,Tier 2,110001,632,11388.46,7,0.32,1151.16
ORD000633,08-02-2021,20-08-2023,15-02-2021,First Class,Large,2022,CUST000633,David Baker,22-08-1951,Consumer,PROD000633,Tables - 462,Furniture,Tables,50,India,South,Maharashtra,Village,400001,633,7134.99,4,0.15,900.71
ORD000634,08-09-2020,10-06-2023,13-09-2020,Standard Class,Small,2023,CUST000634,Lauren Rogers,18-02-1990,Consumer,PROD000634,Sandwiches - 302,Fast Food,Sandwiches,85,India,North,West Bengal,Tier 2,700001,634,28232.87,8,0.21,5105.46
ORD000635,09-08-2019,22-05-2020,14-08-2019,Same Day,Small,2021,CUST000635,Albert Rivera,28-05-1988,Corporate,PROD000635,Mangoes - 514,Sessional Fruits & Vegetables,Mangoes,92,India,East,West Bengal,Tier 2,700001,635,24885.18,5,0.25,2664.04
ORD000636,18-12-2019,21-10-2021,22-12-2019,Second Class,Large,2019,CUST000636,Jesse Clark,08-09-1981,Consumer,PROD000636,Fans - 844,Electric Appliances,Fans,97,India,West,Karnataka,Tier 1,560001,636,7194.67,7,0.36,703.23
ORD000637,27-03-2022,12-03-2021,02-04-2022,Standard Class,Large,2019,CUST000637,Kristi Andrews,03-02-1952,Consumer,PROD000637,Burgers - 945,Fast Food,Burgers,10,India,West,Gujarat,Tier 2,380001,637,36240.15,5,0.27,3676.04
ORD000638,09-02-2023,07-11-2019,16-02-2023,Second Class,Small,2019,CUST000638,Catherine Moore,24-04-2007,Corporate,PROD000638,Fans - 174,Electric Appliances,Fans,74,India,West,Tamil Nadu,Village,600001,638,33927.7,5,0.27,3058.55
ORD000639,25-06-2020,31-08-2022,30-06-2020,Second Class,Medium,2023,CUST000639,Michael Gibson,10-11-1973,Corporate,PROD000639,Sofas - 416,Furniture,Sofas,84,India,West,Uttar Pradesh,Tier 1,226001,639,40700.89,3,0.23,4441.39
ORD000640,22-01-2022,19-06-2021,28-01-2022,Standard Class,Medium,2022,CUST000640,Brian Oliver,01-02-1977,Consumer,PROD000640,Cheese - 445,Dairy Products,Cheese,54,India,South,Delhi,Tier 2,110001,640,46530.02,6,0.4,6684.19
ORD000641,09-07-2023,09-11-2021,11-07-2023,First Class,Small,2022,CUST000641,Susan Burke,26-09-2002,Corporate,PROD000641,Mops - 617,Household Items,Mops,87,India,East,West Bengal,Tier 1,700001,641,27845.75,2,0.03,5155.87
ORD000642,11-05-2023,03-09-2023,12-05-2023,First Class,Small,2021,CUST000642,Colin Leon,13-04-1997,Corporate,PROD000642,Beds - 895,Furniture,Beds,27,India,North,Delhi,Tier 2,110001,642,2564.84,3,0.44,250.74
ORD000643,15-02-2020,24-06-2021,18-02-2020,Same Day,Small,2023,CUST000643,Leonard Gray,18-03-1986,Corporate,PROD000643,Sandwiches - 838,Fast Food,Sandwiches,85,India,North,West Bengal,Tier 2,700001,643,15863.2,3,0.33,3032.2
ORD000644,21-08-2021,20-07-2020,23-08-2021,Second Class,Medium,2022,CUST000644,Mathew Fisher,06-06-2004,Corporate,PROD000644,Refrigerators - 621,Electric Appliances,Refrigerators,102,India,South,Tamil Nadu,Tier 2,600001,644,11004.18,4,0.14,2102.52
ORD000645,17-12-2019,12-08-2020,20-12-2019,Second Class,Large,2020,CUST000645,Michael Morgan,18-04-1961,Corporate,PROD000645,Sandwiches - 213,Fast Food,Sandwiches,73,India,East,Gujarat,Tier 1,380001,645,46253.13,1,0.44,4982.96
ORD000646,24-08-2020,11-11-2021,25-08-2020,Standard Class,Medium,2022,CUST000646,Tiffany Johnson,22-04-2006,Corporate,PROD000646,Burgers - 664,Fast Food,Burgers,115,India,East,Punjab,Village,160001,646,16710.26,1,0.29,2983.66
ORD000647,04-09-2022,01-09-2023,10-09-2022,Standard Class,Large,2020,CUST000647,Jennifer Gibbs,01-08-1958,Corporate,PROD000647,Sofas - 745,Furniture,Sofas,108,India,West,Rajasthan,Tier 2,302001,647,38152.26,6,0.28,8046.61
ORD000648,27-09-2019,13-06-2019,03-10-2019,Same Day,Medium,2022,CUST000648,Eric Jackson,15-01-1964,Corporate,PROD000648,Buckets - 464,Household Items,Buckets,30,India,East,Rajasthan,Tier 1,302001,648,35141.75,6,0.31,6421.24
ORD000649,03-04-2021,14-12-2023,10-04-2021,First Class,Medium,2019,CUST000649,Stephanie Rodriguez,17-02-1974,Corporate,PROD000649,Yogurt - 356,Dairy Products,Yogurt,29,India,South,Punjab,Village,160001,649,11522.18,2,0.2,1552.1
ORD000650,19-01-2022,07-01-2019,21-01-2022,First Class,Large,2020,CUST000650,Jesse Alexander,05-05-2017,Corporate,PROD000650,Tomatoes - 539,Sessional Fruits & Vegetables,Tomatoes,3,India,North,Maharashtra,Village,400001,650,48793.85,7,0.07,8409.01
ORD000651,08-01-2023,13-04-2023,15-01-2023,First Class,Small,2021,CUST000651,Ricky Lara,07-09-2006,Consumer,PROD000651,Mangoes - 119,Sessional Fruits & Vegetables,Mangoes,20,India,East,Gujarat,Village,380001,651,30413.4,6,0.24,6719.24
ORD000652,01-08-2021,27-01-2019,02-08-2021,First Class,Large,2020,CUST000652,Luis Shaffer,27-04-1996,Corporate,PROD000652,Yogurt - 761,Dairy Products,Yogurt,17,India,South,Gujarat,Tier 2,380001,652,30438.32,5,0.49,3830.68
ORD000653,05-02-2022,17-04-2020,12-02-2022,First Class,Small,2020,CUST000653,Brandon Rogers,08-11-1953,Corporate,PROD000653,Milk - 118,Dairy Products,Milk,119,India,South,Uttar Pradesh,Village,226001,653,45675.36,9,0.31,9247.1
ORD000654,05-10-2019,12-04-2021,06-10-2019,Standard Class,Small,2020,CUST000654,Michael Boyd,12-03-1988,Corporate,PROD000654,Mops - 102,Household Items,Mops,117,India,North,Karnataka,Village,560001,654,44921.93,4,0.29,6432.82
ORD000655,20-02-2021,22-05-2020,27-02-2021,Second Class,Medium,2019,CUST000655,Rhonda Anderson,10-12-1957,Consumer,PROD000655,Buckets - 922,Household Items,Buckets,21,India,West,Uttar Pradesh,Tier 2,226001,655,12171.55,1,0.5,1650.99
ORD000656,04-03-2022,03-02-2020,10-03-2022,Same Day,Large,2021,CUST000656,Adam Mckinney,21-01-2003,Consumer,PROD000656,Detergents - 378,Household Items,Detergents,76,India,West,Punjab,Tier 1,160001,656,17071.33,2,0.1,2491.91
ORD000657,22-07-2021,04-11-2022,25-07-2021,Standard Class,Small,2023,CUST000657,Karen Larson,30-01-1968,Corporate,PROD000657,Refrigerators - 879,Electric Appliances,Refrigerators,105,India,East,Madhya Pradesh,Tier 1,462001,657,12598.58,8,0.23,1137.29
ORD000658,18-09-2020,04-10-2023,24-09-2020,Standard Class,Small,2021,CUST000658,Mary Martinez,21-03-2007,Consumer,PROD000658,Carrots - 455,Sessional Fruits & Vegetables,Carrots,116,India,North,Tamil Nadu,Tier 1,600001,658,40794.83,6,0.49,3035.86
ORD000659,06-06-2023,01-04-2020,08-06-2023,First Class,Medium,2020,CUST000659,Mallory Guzman,25-08-2011,Consumer,PROD000659,Sofas - 940,Furniture,Sofas,4,India,South,Gujarat,Tier 1,380001,659,18254.13,3,0.21,2279.54
ORD000660,04-03-2019,29-05-2019,05-03-2019,Same Day,Small,2020,CUST000660,Samantha Owens,20-08-2005,Consumer,PROD000660,Mops - 389,Household Items,Mops,71,India,East,Punjab,Tier 2,160001,660,23680.69,5,0.22,3717.7
ORD000661,10-06-2021,29-11-2019,15-06-2021,First Class,Medium,2022,CUST000661,Louis Ellison,12-10-1978,Corporate,PROD000661,Apples - 853,Sessional Fruits & Vegetables,Apples,92,India,East,West Bengal,Tier 2,700001,661,30633.12,1,0.42,4705.15
ORD000383,19-08-2021,07-01-2019,21-08-2021,Standard Class,Small,2022,CUST000383,Michael Wells,10-05-1996,Corporate,PROD000383,Butter - 886,Dairy Products,Butter,40,India,North,Rajasthan,Village,302001,383,13626.7,1,0.12,1838.53
ORD000384,25-08-2022,06-07-2019,01-09-2022,Standard Class,Medium,2021,CUST000384,Thomas Cain,12-02-1954,Corporate,PROD000384,Carrots - 320,Sessional Fruits & Vegetables,Carrots,82,India,East,Delhi,Village,110001,384,26800.38,10,0.26,3750.99
ORD000385,26-06-2020,15-01-2021,28-06-2020,Same Day,Large,2021,CUST000385,Jamie Olson,25-05-1993,Corporate,PROD000385,Cheese - 449,Dairy Products,Cheese,45,India,West,Karnataka,Tier 2,560001,385,46165.21,4,0.04,11192.67
ORD000386,20-07-2023,07-06-2019,26-07-2023,Same Day,Large,2021,CUST000386,Andrea Jordan,13-03-1958,Consumer,PROD000386,Yogurt - 687,Dairy Products,Yogurt,25,India,West,Karnataka,Village,560001,386,40185.03,10,0.36,6057.3
ORD000387,13-02-2020,22-03-2023,16-02-2020,Second Class,Small,2021,CUST000387,Michael Mays,03-12-2009,Consumer,PROD000387,Buckets - 704,Household Items,Buckets,30,India,East,Rajasthan,Tier 1,302001,387,40751.93,4,0.1,7886.37
ORD000388,27-10-2020,17-10-2021,02-11-2020,First Class,Small,2022,CUST000388,Nicole Turner,02-05-1971,Consumer,PROD000388,Buckets - 534,Household Items,Buckets,52,India,West,Gujarat,Village,380001,388,45747.31,3,0.14,5298.67
ORD000389,17-08-2023,29-09-2021,19-08-2023,Same Day,Medium,2020,CUST000389,Mathew Fischer,06-09-1959,Consumer,PROD000389,Microwaves - 675,Electric Appliances,Microwaves,61,India,West,Tamil Nadu,Tier 1,600001,389,39062.68,1,0.11,5549.2
ORD000390,01-03-2023,30-12-2021,02-03-2023,First Class,Large,2022,CUST000390,Kenneth Brown,23-12-1984,Consumer,PROD000390,Fans - 772,Electric Appliances,Fans,27,India,North,Delhi,Tier 2,110001,390,45588.46,6,0.29,5525.93
ORD000391,18-06-2023,22-12-2021,25-06-2023,First Class,Small,2021,CUST000391,Robert Obrien,14-07-1965,Consumer,PROD000391,Fries - 986,Fast Food,Fries,94,India,West,West Bengal,Tier 2,700001,391,45499.1,9,0.42,4514.76
ORD000392,05-12-2020,02-12-2020,11-12-2020,Second Class,Small,2020,CUST000392,Garrett Trujillo,13-05-1994,Corporate,PROD000392,Utensils - 109,Household Items,Utensils,60,India,East,Delhi,Tier 1,110001,392,41413.93,1,0.26,5258.35
ORD000393,05-08-2019,19-11-2020,12-08-2019,Standard Class,Large,2020,CUST000393,Dean Strong,19-01-1970,Corporate,PROD000393,Tables - 324,Furniture,Tables,48,India,East,Uttar Pradesh,Tier 1,226001,393,45107.54,4,0.25,7583.21
ORD000394,13-03-2019,23-10-2022,18-03-2019,First Class,Large,2021,CUST000394,Jill Marsh,16-10-1992,Corporate,PROD000394,Detergents - 181,Household Items,Detergents,30,India,East,Rajasthan,Tier 1,302001,394,34039,10,0.42,5093.91
ORD000395,29-05-2022,01-11-2020,05-06-2022,Standard Class,Large,2023,CUST000395,Danielle Brown,27-12-1975,Corporate,PROD000395,Buckets - 816,Household Items,Buckets,85,India,North,West Bengal,Tier 2,700001,395,40590.09,1,0.32,2761.32
ORD000396,20-08-2022,10-12-2019,27-08-2022,Second Class,Small,2023,CUST000396,Tanya Wilkinson,26-05-2000,Corporate,PROD000396,Beds - 283,Furniture,Beds,21,India,West,Uttar Pradesh,Tier 2,226001,396,18374.67,7,0.32,1445.34
ORD000397,13-03-2021,24-05-2022,19-03-2021,Second Class,Medium,2023,CUST000397,Louis Oneal,03-10-1986,Corporate,PROD000397,Chairs - 440,Furniture,Chairs,95,India,West,Delhi,Village,110001,397,42313.3,3,0.46,5988.95
ORD000398,23-10-2020,23-04-2021,24-10-2020,Same Day,Medium,2023,CUST000398,Kelly Silva,09-07-1962,Corporate,PROD000398,Mops - 874,Household Items,Mops,116,India,North,Tamil Nadu,Tier 1,600001,398,19270.5,5,0.43,1325.84
ORD000399,27-11-2019,28-01-2021,28-11-2019,Second Class,Medium,2020,CUST000399,Cynthia Smith,07-09-1991,Consumer,PROD000399,Buckets - 595,Household Items,Buckets,31,India,North,Madhya Pradesh,Tier 2,462001,399,5583.78,8,0.18,630.45
ORD000400,12-10-2021,23-02-2022,13-10-2021,First Class,Small,2023,CUST000400,Todd Dougherty,19-05-2008,Consumer,PROD000400,Fans - 841,Electric Appliances,Fans,92,India,East,West Bengal,Tier 2,700001,400,11246.49,2,0.04,1354.48
ORD000401,21-03-2020,21-06-2021,26-03-2020,Second Class,Small,2023,CUST000401,Denise Paul,25-08-2002,Corporate,PROD000401,Washing Machines - 254,Electric Appliances,Washing Machines,33,India,South,Delhi,Tier 1,110001,401,7283.12,4,0.41,1157.45
ORD000402,23-02-2019,20-10-2021,26-02-2019,First Class,Large,2020,CUST000402,Ashley Mccoy,02-12-1970,Corporate,PROD000402,Sandwiches - 868,Fast Food,Sandwiches,33,India,South,Delhi,Tier 1,110001,402,34030.59,4,0.33,3750.77
ORD000403,29-07-2019,31-12-2019,31-07-2019,Same Day,Large,2021,CUST000403,Garrett Chen,11-05-1952,Consumer,PROD000403,Apples - 644,Sessional Fruits & Vegetables,Apples,82,India,East,Delhi,Village,110001,403,436.49,3,0.15,98.88
ORD000404,20-09-2023,17-04-2023,25-09-2023,First Class,Large,2022,CUST000404,Joanne Reid,03-03-1969,Corporate,PROD000404,Tables - 206,Furniture,Tables,44,India,North,Delhi,Tier 1,110001,404,22889.27,8,0.47,1378.93
ORD000405,09-01-2022,13-10-2020,14-01-2022,First Class,Large,2021,CUST000405,Deborah Hamilton,26-06-1982,Corporate,PROD000405,Mops - 470,Household Items,Mops,57,India,South,Madhya Pradesh,Tier 2,462001,405,27350.98,10,0.2,4558.57
ORD000406,10-08-2020,17-08-2019,14-08-2020,Standard Class,Medium,2021,CUST000406,Cheryl Murray,03-10-1969,Consumer,PROD000406,Fans - 905,Electric Appliances,Fans,12,India,East,Madhya Pradesh,Village,462001,406,11236.35,4,0.32,1191.23
ORD000407,13-06-2021,17-06-2021,19-06-2021,Same Day,Medium,2020,CUST000407,Todd Huffman,09-07-1954,Corporate,PROD000407,Microwaves - 355,Electric Appliances,Microwaves,32,India,North,Maharashtra,Tier 1,400001,407,24886.4,4,0.12,3725.12
ORD000408,14-02-2020,09-04-2019,18-02-2020,Same Day,Medium,2021,CUST000408,Stephen Ruiz,13-12-2009,Corporate,PROD000408,Burgers - 222,Fast Food,Burgers,41,India,South,Maharashtra,Tier 2,400001,408,13572.54,4,0.01,3548.1
ORD000409,04-10-2019,06-07-2022,05-10-2019,Same Day,Small,2019,CUST000409,Arthur Hernandez,14-07-1981,Consumer,PROD000409,Cheese - 607,Dairy Products,Cheese,41,India,South,Maharashtra,Tier 2,400001,409,32688.4,9,0.07,8578.83
ORD000410,14-09-2021,17-05-2023,17-09-2021,Standard Class,Large,2023,CUST000410,Jeffrey Silva,31-08-1965,Consumer,PROD000410,Microwaves - 802,Electric Appliances,Microwaves,11,India,South,Madhya Pradesh,Village,462001,410,40512.57,5,0.22,8621.03
ORD000411,06-12-2023,24-01-2021,07-12-2023,First Class,Small,2023,CUST000411,Richard Howell,13-06-1951,Consumer,PROD000411,Tables - 357,Furniture,Tables,32,India,North,Maharashtra,Tier 1,400001,411,18182.79,5,0.34,3555.08
ORD000412,01-02-2023,18-05-2022,02-02-2023,First Class,Large,2021,CUST000412,Kimberly Bernard,12-01-2008,Corporate,PROD000412,Mops - 846,Household Items,Mops,12,India,East,Madhya Pradesh,Village,462001,412,35521.71,4,0.21,3154.96
ORD000413,27-11-2021,06-05-2020,04-12-2021,Standard Class,Small,2019,CUST000413,Craig Bowers,27-04-2017,Corporate,PROD000413,Microwaves - 763,Electric Appliances,Microwaves,4,India,South,Gujarat,Tier 1,380001,413,21920.03,6,0.33,1935.48
ORD000414,27-09-2022,14-03-2023,03-10-2022,Same Day,Small,2020,CUST000414,Frank Barber,09-03-2018,Consumer,PROD000414,Fries - 690,Fast Food,Fries,102,India,South,Tamil Nadu,Tier 2,600001,414,24459.41,10,0.36,4410.26
ORD000415,03-07-2020,09-11-2020,06-07-2020,First Class,Large,2023,CUST000415,Rodney Williams,08-02-2008,Corporate,PROD000415,Cheese - 865,Dairy Products,Cheese,77,India,East,Uttar Pradesh,Tier 2,226001,415,48912.9,10,0.45,6206.93
ORD000416,23-05-2021,14-10-2019,24-05-2021,Standard Class,Medium,2021,CUST000416,Brian Lee,03-07-2002,Consumer,PROD000416,Apples - 796,Sessional Fruits & Vegetables,Apples,11,India,South,Madhya Pradesh,Village,462001,416,34791.37,7,0.02,4759.38
ORD000417,31-07-2022,07-10-2019,07-08-2022,Standard Class,Large,2022,CUST000417,Adrian Whitaker,14-07-1955,Corporate,PROD000417,Fans - 636,Electric Appliances,Fans,12,India,East,Madhya Pradesh,Village,462001,417,24638.86,10,0.2,2119.8
ORD000418,19-03-2022,11-06-2019,25-03-2022,Standard Class,Medium,2019,CUST000418,Amy Webb,06-04-1972,Corporate,PROD000418,Cheese - 508,Dairy Products,Cheese,24,India,West,Rajasthan,Tier 1,302001,418,37500.03,8,0.22,6918.4
ORD000419,25-10-2021,13-11-2020,26-10-2021,Same Day,Medium,2023,CUST000419,Corey Gonzalez,02-07-2005,Corporate,PROD000419,Carrots - 557,Sessional Fruits & Vegetables,Carrots,61,India,West,Tamil Nadu,Tier 1,600001,419,12182.79,9,0.18,2760.66
ORD000420,16-05-2022,04-11-2023,21-05-2022,Standard Class,Small,2019,CUST000420,Nathan Martinez,08-10-1965,Consumer,PROD000420,Apples - 669,Sessional Fruits & Vegetables,Apples,87,India,East,West Bengal,Tier 1,700001,420,18913.59,2,0.25,3135.56
ORD000421,18-09-2023,25-08-2021,19-09-2023,Same Day,Small,2021,CUST000421,Scott Brown,09-06-2002,Corporate,PROD000421,Detergents - 888,Household Items,Detergents,28,India,West,Uttar Pradesh,Village,226001,421,34770.67,4,0.04,6347.01
ORD000422,23-05-2023,18-06-2019,28-05-2023,Same Day,Medium,2022,CUST000422,Cynthia Booker,02-12-1950,Corporate,PROD000422,Microwaves - 512,Electric Appliances,Microwaves,102,India,South,Tamil Nadu,Tier 2,600001,422,7292.02,3,0.43,694.1
ORD000423,09-06-2020,18-06-2019,16-06-2020,Standard Class,Small,2020,CUST000423,Kimberly Frederick,17-03-1955,Corporate,PROD000423,Tables - 685,Furniture,Tables,56,India,North,Uttar Pradesh,Village,226001,423,16160.18,10,0.12,3212.98
ORD000424,11-09-2021,24-08-2021,13-09-2021,Standard Class,Small,2019,CUST000424,Michael King,08-02-1978,Consumer,PROD000424,Microwaves - 453,Electric Appliances,Microwaves,83,India,North,Gujarat,Tier 2,380001,424,10813.4,6,0.02,2831.01
ORD000425,21-05-2022,09-12-2020,27-05-2022,First Class,Large,2020,CUST000425,Whitney Diaz,17-10-1969,Consumer,PROD000425,Carrots - 638,Sessional Fruits & Vegetables,Carrots,44,India,North,Delhi,Tier 1,110001,425,35146.37,4,0.02,7503.53
ORD000426,13-08-2019,08-05-2023,18-08-2019,Second Class,Medium,2022,CUST000426,Nicole King,13-06-1991,Consumer,PROD000426,Buckets - 304,Household Items,Buckets,97,India,West,Karnataka,Tier 1,560001,426,35319.81,9,0.45,2335.87
ORD000427,23-12-2023,01-01-2022,29-12-2023,Same Day,Large,2022,CUST000427,William Cook,28-02-1975,Consumer,PROD000427,Detergents - 989,Household Items,Detergents,88,India,East,Maharashtra,Tier 1,400001,427,48593.35,4,0.32,4776.85
ORD000428,05-06-2021,25-06-2021,12-06-2021,First Class,Large,2020,CUST000428,Elizabeth Kelley,14-05-1950,Consumer,PROD000428,Carrots - 704,Sessional Fruits & Vegetables,Carrots,34,India,North,Punjab,Tier 2,160001,428,15399.26,8,0.22,1261.98
ORD000429,21-11-2019,19-01-2021,28-11-2019,Same Day,Medium,2021,CUST000429,Eric Martin,04-06-1995,Corporate,PROD000429,Carrots - 575,Sessional Fruits & Vegetables,Carrots,17,India,South,Gujarat,Tier 2,380001,429,29959.31,9,0.41,4690.06
ORD000430,27-04-2023,02-05-2020,01-05-2023,First Class,Medium,2020,CUST000430,Courtney Johnson,22-03-2013,Consumer,PROD000430,Burgers - 909,Fast Food,Burgers,60,India,East,Delhi,Tier 1,110001,430,23148.87,6,0.3,2247.82
ORD000431,15-12-2022,07-10-2021,18-12-2022,Same Day,Large,2021,CUST000431,Russell Robertson,22-02-1971,Corporate,PROD000431,Tables - 465,Furniture,Tables,84,India,West,Uttar Pradesh,Tier 1,226001,431,27251.76,2,0.14,3117.78
ORD000432,08-11-2020,07-01-2023,12-11-2020,Standard Class,Small,2020,CUST000432,Jonathon Flynn,15-05-1969,Consumer,PROD000432,Mangoes - 197,Sessional Fruits & Vegetables,Mangoes,23,India,South,Rajasthan,Tier 2,302001,432,37969.77,4,0.24,3083.93
ORD000433,30-04-2023,18-06-2019,02-05-2023,Same Day,Large,2019,CUST000433,Mathew Oneal,08-06-1958,Consumer,PROD000433,Fries - 260,Fast Food,Fries,96,India,South,Tamil Nadu,Tier 1,600001,433,12898.59,10,0.15,1567.8
ORD000434,28-08-2023,18-04-2020,30-08-2023,Second Class,Medium,2022,CUST000434,Larry Wilson,30-12-2007,Consumer,PROD000434,Fries - 367,Fast Food,Fries,33,India,South,Delhi,Tier 1,110001,434,33400.3,9,0.5,3825.95
ORD000435,06-05-2020,09-08-2020,12-05-2020,Same Day,Small,2019,CUST000435,Nicholas Watkins,12-11-1968,Corporate,PROD000435,Beds - 119,Furniture,Beds,40,India,North,Rajasthan,Village,302001,435,44905.72,9,0.08,10942.36
ORD000436,08-12-2022,23-10-2023,10-12-2022,Second Class,Medium,2021,CUST000436,Jessica Davis,20-05-1986,Corporate,PROD000436,Mangoes - 374,Sessional Fruits & Vegetables,Mangoes,88,India,East,Maharashtra,Tier 1,400001,436,44450.73,6,0.19,9209.14
ORD000437,05-03-2019,10-09-2022,12-03-2019,Same Day,Small,2020,CUST000437,Robert Kirby,16-04-1951,Consumer,PROD000437,Buckets - 125,Household Items,Buckets,41,India,South,Maharashtra,Tier 2,400001,437,48987.73,6,0.39,7767.27
ORD000438,23-05-2021,15-06-2023,27-05-2021,First Class,Medium,2021,CUST000438,Joanne Merritt,11-08-1953,Corporate,PROD000438,Apples - 966,Sessional Fruits & Vegetables,Apples,78,India,North,Rajasthan,Tier 1,302001,438,8178.71,2,0.02,1025.75
ORD000439,23-02-2023,11-11-2022,24-02-2023,Same Day,Large,2019,CUST000439,Jeffrey Hamilton,01-07-2008,Consumer,PROD000439,Beds - 530,Furniture,Beds,15,India,North,Gujarat,Village,380001,439,27015.61,3,0.18,5442.17
ORD000440,20-07-2021,08-11-2019,25-07-2021,Same Day,Small,2019,CUST000440,Bruce Garcia,31-10-1976,Corporate,PROD000440,Beds - 215,Furniture,Beds,55,India,West,Punjab,Village,160001,440,47903.21,8,0.41,7945.14
ORD000529,20-02-2020,25-08-2021,22-02-2020,Same Day,Medium,2021,CUST000529,Amber Cortez,10-07-1951,Corporate,PROD000529,Sandwiches - 380,Fast Food,Sandwiches,114,India,West,Madhya Pradesh,Tier 1,462001,529,42643.25,10,0.06,4192.86
ORD000530,16-05-2021,29-01-2020,19-05-2021,First Class,Medium,2023,CUST000530,Michael Davis,01-01-1972,Consumer,PROD000530,Fans - 650,Electric Appliances,Fans,96,India,South,Tamil Nadu,Tier 1,600001,530,15781.9,4,0.25,2779.19
ORD000531,10-07-2020,21-03-2021,16-07-2020,First Class,Large,2019,CUST000531,Tina Fox,19-05-2004,Consumer,PROD000531,Fries - 704,Fast Food,Fries,44,India,North,Delhi,Tier 1,110001,531,39393.75,5,0.27,2920.31
ORD000532,25-03-2021,14-07-2019,26-03-2021,Second Class,Large,2023,CUST000532,Sheryl Allen,29-07-1957,Consumer,PROD000532,Chairs - 904,Furniture,Chairs,10,India,West,Gujarat,Tier 2,380001,532,21512.07,1,0.03,3454.65
ORD000533,20-02-2019,22-07-2021,21-02-2019,Standard Class,Large,2020,CUST000533,Richard Torres,28-12-1969,Consumer,PROD000533,Utensils - 142,Household Items,Utensils,53,India,South,Maharashtra,Tier 1,400001,533,23691.5,3,0.38,3077.07
ORD000534,03-08-2022,12-03-2023,06-08-2022,Second Class,Small,2020,CUST000534,Jason Pierce,09-06-1994,Consumer,PROD000534,Washing Machines - 883,Electric Appliances,Washing Machines,47,India,East,Maharashtra,Village,400001,534,29449.68,2,0.45,1626.97
ORD000535,14-11-2019,29-09-2023,15-11-2019,Standard Class,Medium,2020,CUST000535,Carla Garcia,12-01-1991,Corporate,PROD000535,Sofas - 731,Furniture,Sofas,53,India,South,Maharashtra,Tier 1,400001,535,32612.91,4,0.18,7509.52
ORD000536,11-01-2021,18-01-2022,17-01-2021,Same Day,Large,2019,CUST000536,Kimberly Baker,08-03-2012,Corporate,PROD000536,Burgers - 689,Fast Food,Burgers,98,India,South,Delhi,Village,110001,536,42279.58,4,0.26,3553.26
ORD000537,06-11-2019,30-05-2019,12-11-2019,Standard Class,Small,2021,CUST000537,Leah Campbell,17-05-1996,Consumer,PROD000537,Mops - 446,Household Items,Mops,19,India,North,Punjab,Tier 1,160001,537,19223.92,1,0.36,2008.27
ORD000538,12-12-2020,08-12-2019,17-12-2020,Standard Class,Large,2023,CUST000538,Amy Fox,13-07-2005,Corporate,PROD000538,Milk - 714,Dairy Products,Milk,69,India,North,Madhya Pradesh,Village,462001,538,8440.48,10,0.42,1354.58
ORD000539,28-03-2019,05-08-2019,02-04-2019,Same Day,Large,2021,CUST000539,Jaime Ford,07-07-2017,Consumer,PROD000539,Tomatoes - 636,Sessional Fruits & Vegetables,Tomatoes,97,India,West,Karnataka,Tier 1,560001,539,36525.03,9,0.05,6825.48
ORD000662,26-12-2019,05-10-2020,01-01-2020,Second Class,Large,2022,CUST000662,Brian Curtis,31-03-2008,Consumer,PROD000662,Refrigerators - 686,Electric Appliances,Refrigerators,94,India,West,West Bengal,Tier 2,700001,662,31711.34,8,0.23,5079.03
ORD000663,30-07-2021,10-10-2021,06-08-2021,Standard Class,Small,2022,CUST000663,Michael Stanley,02-04-1979,Consumer,PROD000663,Mangoes - 162,Sessional Fruits & Vegetables,Mangoes,70,India,North,Uttar Pradesh,Tier 2,226001,663,24858.35,6,0,5908.84
ORD000664,12-11-2021,28-11-2019,15-11-2021,Standard Class,Small,2019,CUST000664,Darrell Hill,02-02-1964,Corporate,PROD000664,Refrigerators - 585,Electric Appliances,Refrigerators,65,India,East,Uttar Pradesh,Village,226001,664,48437.05,5,0.48,3715.73
ORD000665,13-08-2019,15-05-2020,19-08-2019,Same Day,Medium,2021,CUST000665,Robert Cole,11-10-1993,Consumer,PROD000665,Sofas - 718,Furniture,Sofas,24,India,West,Rajasthan,Tier 1,302001,665,32594.31,7,0.2,2740.88
ORD000666,30-11-2019,06-06-2023,07-12-2019,First Class,Small,2022,CUST000666,Whitney Summers,02-10-1955,Corporate,PROD000666,Burgers - 623,Fast Food,Burgers,15,India,North,Gujarat,Village,380001,666,34931.31,1,0.34,5776.43
ORD000667,22-07-2021,05-02-2023,29-07-2021,First Class,Medium,2022,CUST000667,Patricia Henderson,09-04-1997,Consumer,PROD000667,Sofas - 179,Furniture,Sofas,114,India,West,Madhya Pradesh,Tier 1,462001,667,42787.4,9,0.34,5363.89
ORD000668,09-02-2023,14-08-2019,12-02-2023,Second Class,Large,2019,CUST000668,Debra Watson,27-01-1988,Consumer,PROD000668,Pizzas - 676,Fast Food,Pizzas,99,India,South,West Bengal,Village,700001,668,36601.48,9,0.09,9554.99
ORD000669,27-01-2020,04-04-2022,30-01-2020,First Class,Medium,2019,CUST000669,Paul Campbell,26-02-2006,Consumer,PROD000669,Buckets - 743,Household Items,Buckets,61,India,West,Tamil Nadu,Tier 1,600001,669,47769.42,3,0.46,4247.6
ORD000670,20-12-2022,20-06-2021,25-12-2022,First Class,Large,2023,CUST000670,Michelle Mendoza,20-01-1998,Consumer,PROD000670,Tomatoes - 311,Sessional Fruits & Vegetables,Tomatoes,8,India,East,Karnataka,Tier 1,560001,670,44765.83,2,0.28,8056.4
ORD000671,23-03-2023,26-01-2019,30-03-2023,Same Day,Small,2019,CUST000671,Vicki Perez,26-11-1976,Corporate,PROD000671,Fries - 587,Fast Food,Fries,93,India,East,Tamil Nadu,Tier 1,600001,671,39865.88,2,0.21,8106.44
ORD000672,13-09-2020,10-05-2020,20-09-2020,Second Class,Small,2020,CUST000672,Michael Sims,04-01-1985,Consumer,PROD000672,Detergents - 396,Household Items,Detergents,17,India,South,Gujarat,Tier 2,380001,672,12568.06,10,0.01,3594.24
ORD000673,02-09-2020,31-07-2022,07-09-2020,Same Day,Small,2019,CUST000673,Adam Stevenson,20-12-1981,Corporate,PROD000673,Pizzas - 451,Fast Food,Pizzas,100,India,East,Rajasthan,Tier 2,302001,673,10551.52,9,0.33,1361.02
ORD000674,21-07-2022,08-03-2021,26-07-2022,First Class,Medium,2020,CUST000674,Laura Moran,20-04-1966,Corporate,PROD000674,Utensils - 424,Household Items,Utensils,23,India,South,Rajasthan,Tier 2,302001,674,23616.73,5,0.3,1662.59
ORD000675,06-08-2022,05-12-2023,12-08-2022,Standard Class,Medium,2023,CUST000675,Anne White,14-05-1955,Corporate,PROD000675,Pizzas - 642,Fast Food,Pizzas,28,India,West,Uttar Pradesh,Village,226001,675,19580.05,2,0.08,3071.91
ORD000676,10-04-2020,05-12-2021,11-04-2020,First Class,Medium,2020,CUST000676,Daniel Hampton,12-12-1964,Corporate,PROD000676,Cheese - 414,Dairy Products,Cheese,67,India,East,Delhi,Tier 2,110001,676,13710.5,5,0.44,862.93
ORD000540,28-04-2022,07-11-2021,29-04-2022,Same Day,Small,2023,CUST000540,Jessica Powell,30-08-1982,Consumer,PROD000540,Tables - 104,Furniture,Tables,114,India,West,Madhya Pradesh,Tier 1,462001,540,17269.09,4,0.1,4343.26
ORD000541,09-10-2021,30-07-2020,16-10-2021,Same Day,Medium,2023,CUST000541,Kevin Reed,27-08-1954,Corporate,PROD000541,Sofas - 925,Furniture,Sofas,27,India,North,Delhi,Tier 2,110001,541,159.94,10,0.22,15.24
ORD000542,22-09-2021,26-10-2023,24-09-2021,Second Class,Small,2020,CUST000542,Stephanie Rose,13-12-1988,Corporate,PROD000542,Tomatoes - 764,Sessional Fruits & Vegetables,Tomatoes,65,India,East,Uttar Pradesh,Village,226001,542,8136.77,5,0.31,1460.92
ORD000543,18-07-2022,16-03-2021,25-07-2022,Same Day,Large,2023,CUST000543,Lisa Lewis,26-03-1960,Consumer,PROD000543,Pizzas - 952,Fast Food,Pizzas,9,India,East,Madhya Pradesh,Tier 2,462001,543,7062.36,8,0.02,1787.42
ORD000544,20-05-2021,02-07-2022,21-05-2021,Same Day,Small,2020,CUST000544,Judith Cox,08-01-1972,Corporate,PROD000544,Tomatoes - 941,Sessional Fruits & Vegetables,Tomatoes,107,India,South,Punjab,Tier 1,160001,544,47824.09,2,0.34,5723.8
ORD000545,20-11-2019,13-11-2020,22-11-2019,Same Day,Large,2022,CUST000545,Christopher Carlson,03-06-2001,Corporate,PROD000545,Butter - 833,Dairy Products,Butter,39,India,East,Karnataka,Tier 2,560001,545,45396.74,8,0.48,2569.41
ORD000546,27-01-2022,14-04-2022,29-01-2022,First Class,Medium,2019,CUST000546,Erika Peters,31-08-1951,Consumer,PROD000546,Mangoes - 676,Sessional Fruits & Vegetables,Mangoes,46,India,North,West Bengal,Tier 1,700001,546,37090.22,7,0.08,6756.44
ORD000547,27-04-2022,24-07-2022,01-05-2022,Standard Class,Medium,2023,CUST000547,John Li,22-08-1980,Corporate,PROD000547,Refrigerators - 679,Electric Appliances,Refrigerators,63,India,West,Maharashtra,Tier 1,400001,547,41894.03,3,0.2,6049.48
ORD000548,30-07-2019,03-10-2019,03-08-2019,First Class,Large,2022,CUST000548,Michael Hawkins,07-08-1963,Corporate,PROD000548,Sofas - 415,Furniture,Sofas,30,India,East,Rajasthan,Tier 1,302001,548,26590.36,7,0.01,5834.11
ORD000549,09-01-2020,04-01-2023,16-01-2020,Same Day,Large,2023,CUST000549,Shawna Schwartz,15-05-1970,Corporate,PROD000549,Fries - 535,Fast Food,Fries,119,India,South,Uttar Pradesh,Village,226001,549,19689.43,1,0.34,2447.02
ORD000550,16-02-2019,29-08-2019,17-02-2019,Same Day,Large,2022,CUST000550,Lisa Boone,13-10-1972,Corporate,PROD000550,Fans - 217,Electric Appliances,Fans,44,India,North,Delhi,Tier 1,110001,550,27024.99,6,0.49,2839.66
ORD000551,17-12-2020,13-04-2020,23-12-2020,First Class,Large,2022,CUST000551,Jenna Glover,05-02-2015,Consumer,PROD000551,Detergents - 257,Household Items,Detergents,120,India,South,Gujarat,Village,380001,551,19965.95,5,0.35,2819.01
ORD000552,01-12-2021,26-06-2019,04-12-2021,First Class,Small,2023,CUST000552,John Williams,23-10-2000,Corporate,PROD000552,Mops - 971,Household Items,Mops,85,India,North,West Bengal,Tier 2,700001,552,1122.72,6,0.48,85.7
ORD000553,22-02-2023,28-06-2019,23-02-2023,Second Class,Small,2023,CUST000553,Catherine Walker,23-04-1975,Corporate,PROD000553,Pizzas - 925,Fast Food,Pizzas,9,India,East,Madhya Pradesh,Tier 2,462001,553,48664.87,7,0.45,7251.06
ORD000554,18-01-2022,04-07-2023,21-01-2022,First Class,Large,2021,CUST000554,Sandra Gonzalez,27-08-1969,Consumer,PROD000554,Carrots - 235,Sessional Fruits & Vegetables,Carrots,95,India,West,Delhi,Village,110001,554,30879.95,5,0.27,3104.03
ORD000555,17-09-2021,02-02-2019,21-09-2021,Second Class,Medium,2020,CUST000555,Kenneth Moore,09-06-2016,Consumer,PROD000555,Utensils - 995,Household Items,Utensils,61,India,West,Tamil Nadu,Tier 1,600001,555,21441.07,10,0.33,2999.17
ORD000556,26-07-2020,24-01-2020,02-08-2020,Second Class,Small,2023,CUST000556,Donna Garcia,01-12-1978,Consumer,PROD000556,Sofas - 792,Furniture,Sofas,49,India,West,Maharashtra,Tier 2,400001,556,34900.44,1,0.04,9992.91
ORD000557,24-10-2021,20-08-2021,31-10-2021,Standard Class,Large,2023,CUST000557,Collin Edwards,31-08-2017,Corporate,PROD000557,Beds - 824,Furniture,Beds,17,India,South,Gujarat,Tier 2,380001,557,27582.2,6,0.17,4037.55
ORD000558,04-07-2019,26-01-2020,06-07-2019,First Class,Large,2023,CUST000558,Russell Sanford,03-02-1965,Consumer,PROD000558,Sandwiches - 981,Fast Food,Sandwiches,60,India,East,Delhi,Tier 1,110001,558,1142.48,6,0.04,214.14
ORD000559,26-06-2023,09-10-2019,30-06-2023,First Class,Large,2019,CUST000559,David Robinson,14-05-2003,Corporate,PROD000559,Butter - 869,Dairy Products,Butter,47,India,East,Maharashtra,Village,400001,559,15614.81,4,0.39,1004.91
ORD000560,29-11-2020,04-07-2020,03-12-2020,Second Class,Large,2022,CUST000560,Sarah Jones,14-10-2003,Corporate,PROD000560,Butter - 256,Dairy Products,Butter,58,India,North,Karnataka,Tier 2,560001,560,1418.63,8,0.05,230.23
ORD000561,25-06-2020,08-06-2023,29-06-2020,Standard Class,Small,2020,CUST000561,Tracy Reed,09-09-2013,Corporate,PROD000561,Fries - 137,Fast Food,Fries,70,India,North,Uttar Pradesh,Tier 2,226001,561,10945.25,3,0.46,898.28
ORD000562,08-09-2022,31-07-2023,12-09-2022,Standard Class,Medium,2020,CUST000562,Grace Figueroa,12-12-1993,Consumer,PROD000562,Fries - 409,Fast Food,Fries,66,India,South,Rajasthan,Village,302001,562,22758.18,3,0.47,3364.81
ORD000563,20-06-2019,15-09-2020,21-06-2019,First Class,Medium,2019,CUST000563,Jeffrey Conner,27-06-1969,Consumer,PROD000563,Burgers - 505,Fast Food,Burgers,72,India,West,Madhya Pradesh,Tier 2,462001,563,4060.25,10,0.1,746.02
ORD000564,30-12-2019,21-09-2023,05-01-2020,Second Class,Large,2022,CUST000564,David Carter,19-09-1967,Consumer,PROD000564,Burgers - 295,Fast Food,Burgers,26,India,South,Karnataka,Tier 1,560001,564,41576.78,5,0.49,5259.78
ORD000565,01-05-2023,16-05-2022,05-05-2023,Second Class,Small,2019,CUST000565,George Suarez,30-04-1986,Corporate,PROD000565,Mangoes - 617,Sessional Fruits & Vegetables,Mangoes,29,India,South,Punjab,Village,160001,565,1843.15,7,0.04,223.38
ORD000566,10-06-2019,29-07-2023,17-06-2019,Standard Class,Medium,2019,CUST000566,Megan Webb,08-12-1976,Corporate,PROD000566,Apples - 918,Sessional Fruits & Vegetables,Apples,103,India,East,West Bengal,Village,700001,566,44189.41,1,0.2,7269.75
ORD000567,13-03-2022,09-07-2019,18-03-2022,Standard Class,Small,2023,CUST000567,Christian Alvarez,15-10-1980,Corporate,PROD000567,Refrigerators - 753,Electric Appliances,Refrigerators,45,India,West,Karnataka,Tier 2,560001,567,22306.1,3,0.02,2346.18
ORD000568,09-10-2020,22-08-2021,16-10-2020,Second Class,Large,2020,CUST000568,Kelly Evans,21-09-2005,Consumer,PROD000568,Butter - 476,Dairy Products,Butter,30,India,East,Rajasthan,Tier 1,302001,568,42107.17,5,0.33,7360.91
ORD000569,15-06-2022,23-11-2021,20-06-2022,Same Day,Medium,2020,CUST000569,Sharon Salazar,07-03-2005,Corporate,PROD000569,Sofas - 556,Furniture,Sofas,42,India,North,Punjab,Village,160001,569,32234.68,6,0.39,5749.37
ORD000570,09-12-2022,08-06-2021,16-12-2022,Same Day,Small,2020,CUST000570,Anthony Cook,16-12-1992,Corporate,PROD000570,Washing Machines - 102,Electric Appliances,Washing Machines,38,India,East,Punjab,Tier 1,160001,570,36571.57,8,0.02,4654.37
ORD000571,11-01-2019,13-09-2023,13-01-2019,Second Class,Small,2020,CUST000571,Aaron Small,30-10-2007,Consumer,PROD000571,Tables - 441,Furniture,Tables,32,India,North,Maharashtra,Tier 1,400001,571,38236.45,1,0.35,5928.17
ORD000572,08-09-2019,09-06-2020,11-09-2019,Second Class,Small,2020,CUST000572,Bianca Gardner,28-10-1963,Consumer,PROD000572,Fries - 412,Fast Food,Fries,111,India,North,Maharashtra,Tier 2,400001,572,33804.05,3,0.14,4221.23
ORD000573,17-07-2022,21-03-2023,23-07-2022,Same Day,Medium,2020,CUST000573,Jerry Curtis,26-05-2008,Corporate,PROD000573,Fries - 644,Fast Food,Fries,4,India,South,Gujarat,Tier 1,380001,573,42348.93,3,0.37,5150.41
ORD000574,09-05-2022,25-10-2020,10-05-2022,First Class,Medium,2021,CUST000574,Tracy Jones,17-09-1971,Consumer,PROD000574,Beds - 233,Furniture,Beds,54,India,South,Delhi,Tier 2,110001,574,35129.55,9,0.05,4060.46
ORD000575,11-08-2022,12-06-2022,17-08-2022,Same Day,Small,2021,CUST000575,Samantha Fisher,04-03-1974,Corporate,PROD000575,Tables - 441,Furniture,Tables,85,India,North,West Bengal,Tier 2,700001,575,46524.18,7,0.19,7578.77
ORD000576,28-12-2021,27-04-2021,01-01-2022,Second Class,Large,2020,CUST000576,Jared Alexander,18-06-1970,Consumer,PROD000576,Refrigerators - 718,Electric Appliances,Refrigerators,29,India,South,Punjab,Village,160001,576,1340.1,10,0.3,102.99
ORD000577,01-03-2023,09-12-2020,06-03-2023,Second Class,Medium,2020,CUST000577,Kristina Webb,04-12-2003,Consumer,PROD000577,Tomatoes - 109,Sessional Fruits & Vegetables,Tomatoes,116,India,North,Tamil Nadu,Tier 1,600001,577,23835.19,8,0.12,4289.73
ORD000578,07-02-2019,15-07-2020,09-02-2019,Same Day,Medium,2022,CUST000578,Kaitlyn Jones,15-10-1966,Corporate,PROD000578,Sofas - 787,Furniture,Sofas,27,India,North,Delhi,Tier 2,110001,578,44251.04,4,0.09,6113.38
ORD000579,28-02-2023,12-09-2020,03-03-2023,Second Class,Medium,2019,CUST000579,George Miles,04-03-1955,Corporate,PROD000579,Mops - 337,Household Items,Mops,88,India,East,Maharashtra,Tier 1,400001,579,43382.21,6,0.45,4065.68
ORD000580,16-08-2021,04-04-2019,23-08-2021,First Class,Large,2023,CUST000580,Kathleen Williams,31-12-1998,Consumer,PROD000580,Pizzas - 131,Fast Food,Pizzas,92,India,East,West Bengal,Tier 2,700001,580,49460.84,4,0.03,6378.01
ORD000581,22-07-2023,07-06-2021,27-07-2023,Standard Class,Small,2022,CUST000581,Jonathan Fuentes,24-08-1983,Consumer,PROD000581,Fries - 251,Fast Food,Fries,66,India,South,Rajasthan,Village,302001,581,43666.08,10,0.36,3380.93
ORD000582,08-12-2020,15-01-2019,15-12-2020,First Class,Medium,2020,CUST000582,Victoria Lopez,06-09-1998,Corporate,PROD000582,Butter - 538,Dairy Products,Butter,63,India,West,Maharashtra,Tier 1,400001,582,21196.78,1,0.03,4804.49
ORD000583,05-03-2022,20-12-2019,11-03-2022,Same Day,Medium,2020,CUST000583,Haley Garcia,30-07-1990,Corporate,PROD000583,Apples - 935,Sessional Fruits & Vegetables,Apples,93,India,East,Tamil Nadu,Tier 1,600001,583,42160.27,1,0.13,8434.32
ORD000584,17-07-2020,16-12-2023,24-07-2020,Standard Class,Medium,2022,CUST000584,Erika Hernandez,01-12-1950,Consumer,PROD000584,Mangoes - 659,Sessional Fruits & Vegetables,Mangoes,48,India,East,Uttar Pradesh,Tier 1,226001,584,14981.3,5,0,1572.75
ORD000585,20-10-2019,12-09-2023,26-10-2019,First Class,Large,2022,CUST000585,Christine Cobb,03-05-1992,Corporate,PROD000585,Refrigerators - 397,Electric Appliances,Refrigerators,16,India,North,Rajasthan,Tier 2,302001,585,30533.34,8,0.11,7753.38
ORD000586,15-03-2023,15-07-2021,17-03-2023,First Class,Large,2022,CUST000586,Rachel Levine,05-07-2011,Consumer,PROD000586,Microwaves - 921,Electric Appliances,Microwaves,45,India,West,Karnataka,Tier 2,560001,586,11943.38,9,0.12,2788.86
ORD000587,11-03-2020,10-02-2022,14-03-2020,Same Day,Medium,2019,CUST000587,Mark Jackson,25-02-2000,Consumer,PROD000587,Fans - 822,Electric Appliances,Fans,117,India,North,Karnataka,Village,560001,587,47246.52,2,0.35,3307.88
ORD000622,13-10-2020,09-02-2020,20-10-2020,First Class,Small,2023,CUST000622,Kelli Huffman,23-08-2004,Consumer,PROD000622,Cheese - 423,Dairy Products,Cheese,59,India,South,Karnataka,Tier 2,560001,588,44221.15,8,0.32,5996.23
ORD000588,03-04-2019,04-05-2023,09-04-2019,Same Day,Medium,2023,CUST000588,Tracy Bell,28-07-1974,Consumer,PROD000588,Washing Machines - 916,Electric Appliances,Washing Machines,75,India,North,Tamil Nadu,Village,600001,589,31530.65,7,0.01,7648.68
ORD000589,23-11-2019,22-09-2023,30-11-2019,Standard Class,Small,2020,CUST000589,Carolyn Wright,01-10-2009,Corporate,PROD000589,Tables - 988,Furniture,Tables,120,India,South,Gujarat,Village,380001,590,22443.7,2,0.26,2673.75
ORD000590,26-11-2021,26-06-2023,29-11-2021,First Class,Medium,2021,CUST000590,Debra Conway,21-12-1951,Consumer,PROD000590,Mangoes - 824,Sessional Fruits & Vegetables,Mangoes,64,India,North,Gujarat,Tier 1,380001,591,22564.77,3,0.38,3356.98
ORD000591,20-11-2023,18-04-2022,25-11-2023,Second Class,Small,2023,CUST000591,Glenn Hinton,25-10-1993,Consumer,PROD000591,Detergents - 610,Household Items,Detergents,60,India,East,Delhi,Tier 1,110001,592,15686.94,7,0.04,2854.02
ORD000592,16-06-2021,06-07-2020,23-06-2021,Same Day,Medium,2021,CUST000592,Scott Mahoney,09-10-1959,Consumer,PROD000592,Burgers - 197,Fast Food,Burgers,88,India,East,Maharashtra,Tier 1,400001,593,31062.3,2,0.4,5002.29
ORD000593,31-01-2021,15-03-2021,01-02-2021,Standard Class,Small,2023,CUST000593,Tammy Davis,05-12-1997,Corporate,PROD000593,Buckets - 250,Household Items,Buckets,99,India,South,West Bengal,Village,700001,594,1704.83,3,0.41,117.71
ORD000594,27-09-2022,01-04-2020,03-10-2022,First Class,Large,2021,CUST000594,Ronald Hughes,23-10-1990,Consumer,PROD000594,Milk - 493,Dairy Products,Milk,79,India,West,West Bengal,Village,700001,595,39805.25,10,0.34,6970.07
ORD000595,20-12-2023,27-08-2021,23-12-2023,First Class,Small,2019,CUST000595,Katherine Phillips,18-02-2008,Corporate,PROD000595,Fans - 848,Electric Appliances,Fans,34,India,North,Punjab,Tier 2,160001,596,46770.4,10,0.29,9057.93
ORD000596,27-12-2021,26-02-2021,02-01-2022,Standard Class,Medium,2019,CUST000596,Jesse Smith,24-04-1991,Consumer,PROD000596,Tomatoes - 732,Sessional Fruits & Vegetables,Tomatoes,113,India,West,Rajasthan,Village,302001,597,7510.05,4,0.4,991.29
ORD000597,04-06-2022,30-07-2023,05-06-2022,First Class,Large,2021,CUST000597,Lisa Tyler,26-09-1966,Corporate,PROD000597,Buckets - 936,Household Items,Buckets,7,India,North,Karnataka,Tier 1,560001,598,7927.58,10,0.46,512.11
ORD000598,15-10-2023,07-07-2019,18-10-2023,Same Day,Medium,2020,CUST000598,Andrew Moreno,05-09-1972,Corporate,PROD000598,Fries - 211,Fast Food,Fries,32,India,North,Maharashtra,Tier 1,400001,599,10639.56,6,0.18,2544.94
ORD000599,24-06-2022,07-09-2022,25-06-2022,Second Class,Medium,2020,CUST000599,Kimberly Martin,15-03-1952,Corporate,PROD000599,Yogurt - 987,Dairy Products,Yogurt,92,India,East,West Bengal,Tier 2,700001,600,13115.23,8,0.35,2393.79
ORD000600,19-03-2021,17-06-2019,23-03-2021,Second Class,Large,2022,CUST000600,Austin Myers,06-01-2006,Corporate,PROD000600,Carrots - 883,Sessional Fruits & Vegetables,Carrots,65,India,East,Uttar Pradesh,Village,226001,601,18727.82,10,0.42,2207.6
ORD000601,29-03-2022,21-05-2019,04-04-2022,Second Class,Medium,2021,CUST000601,Jennifer Nguyen,18-08-1991,Corporate,PROD000601,Utensils - 586,Household Items,Utensils,119,India,South,Uttar Pradesh,Village,226001,602,7428.68,5,0.07,1659.17
ORD000602,18-07-2021,14-09-2019,23-07-2021,Standard Class,Small,2019,CUST000602,Julie Adams,29-09-1991,Consumer,PROD000602,Cheese - 626,Dairy Products,Cheese,61,India,West,Tamil Nadu,Tier 1,600001,603,6192.81,6,0.17,669.56
ORD000603,20-09-2021,24-04-2019,22-09-2021,Second Class,Large,2020,CUST000603,Joseph Sanchez,21-12-1980,Corporate,PROD000603,Tomatoes - 526,Sessional Fruits & Vegetables,Tomatoes,114,India,West,Madhya Pradesh,Tier 1,462001,604,1075.78,8,0.14,161.99
ORD000604,01-01-2020,17-08-2022,06-01-2020,First Class,Large,2022,CUST000604,Anthony Jones,11-12-1983,Consumer,PROD000604,Apples - 787,Sessional Fruits & Vegetables,Apples,80,India,South,Rajasthan,Tier 1,302001,605,969.31,10,0.17,205
ORD000605,01-01-2020,29-07-2021,08-01-2020,First Class,Large,2019,CUST000605,Jennifer Thompson,04-03-1965,Corporate,PROD000605,Detergents - 515,Household Items,Detergents,90,India,East,Maharashtra,Tier 2,400001,606,31921.3,4,0.35,5833.36
ORD000606,28-11-2022,12-08-2022,02-12-2022,Standard Class,Medium,2022,CUST000606,Matthew Francis,15-05-1984,Corporate,PROD000606,Apples - 481,Sessional Fruits & Vegetables,Apples,15,India,North,Gujarat,Village,380001,607,11063.72,4,0.06,1263.46
ORD000607,27-11-2019,14-12-2023,03-12-2019,Same Day,Medium,2019,CUST000607,Timothy Johnson,04-04-2003,Consumer,PROD000607,Cheese - 359,Dairy Products,Cheese,1,India,East,Tamil Nadu,Tier 2,600001,608,45298.61,9,0.25,8953.95
ORD000608,04-12-2023,02-06-2023,05-12-2023,Standard Class,Large,2020,CUST000608,Ashley Bruce,28-08-2015,Corporate,PROD000608,Beds - 462,Furniture,Beds,86,India,South,Uttar Pradesh,Tier 2,226001,609,15902.06,1,0.18,1580.99
ORD000609,20-06-2022,20-03-2023,23-06-2022,Same Day,Large,2022,CUST000609,Melinda Mayer,02-08-1959,Consumer,PROD000609,Utensils - 660,Household Items,Utensils,83,India,North,Gujarat,Tier 2,380001,610,25586.31,8,0.14,6527.5
ORD000610,17-04-2022,09-03-2021,23-04-2022,Second Class,Large,2023,CUST000610,Michael Hardin,14-03-1998,Corporate,PROD000610,Microwaves - 856,Electric Appliances,Microwaves,44,India,North,Delhi,Tier 1,110001,611,4382.41,5,0.02,1184.03
ORD000611,21-05-2019,18-07-2020,27-05-2019,Standard Class,Small,2021,CUST000611,Luis Garcia,06-02-1996,Corporate,PROD000611,Butter - 746,Dairy Products,Butter,27,India,North,Delhi,Tier 2,110001,612,30852.89,4,0.1,4031.27
ORD000612,08-08-2023,22-07-2022,14-08-2023,Standard Class,Small,2021,CUST000612,Pamela Edwards,06-08-1988,Consumer,PROD000612,Mangoes - 985,Sessional Fruits & Vegetables,Mangoes,106,India,East,Karnataka,Village,560001,613,34668.12,4,0.11,6616.05
ORD000613,24-07-2020,15-05-2022,30-07-2020,Same Day,Small,2023,CUST000613,Jacob Landry,09-10-1962,Consumer,PROD000613,Fries - 390,Fast Food,Fries,13,India,North,Uttar Pradesh,Tier 1,226001,614,16012.02,6,0.23,3106.15
ORD000614,13-08-2021,25-07-2022,18-08-2021,First Class,Small,2020,CUST000614,Matthew Hunt,05-12-1985,Corporate,PROD000614,Sandwiches - 818,Fast Food,Sandwiches,65,India,East,Uttar Pradesh,Village,226001,615,7597.34,6,0.22,673.54
ORD000615,19-12-2021,08-02-2023,20-12-2021,Same Day,Medium,2019,CUST000615,Donald Walker,28-12-1999,Corporate,PROD000615,Milk - 536,Dairy Products,Milk,70,India,North,Uttar Pradesh,Tier 2,226001,616,48927.55,9,0.21,6645.92
ORD000793,19-11-2020,20-01-2021,23-11-2020,First Class,Large,2019,CUST000793,Sean Mann,20-06-1985,Corporate,PROD000793,Refrigerators - 830,Electric Appliances,Refrigerators,54,India,South,Delhi,Tier 2,110001,793,19826.16,6,0.31,3752.24
ORD000794,15-11-2020,08-01-2021,19-11-2020,Second Class,Small,2023,CUST000794,Susan Smith,06-08-1985,Corporate,PROD000794,Yogurt - 725,Dairy Products,Yogurt,67,India,East,Delhi,Tier 2,110001,794,22345.48,3,0.25,3078.4
ORD000795,17-06-2023,19-06-2022,18-06-2023,Same Day,Medium,2020,CUST000795,April Hall,26-02-1973,Corporate,PROD000795,Detergents - 152,Household Items,Detergents,93,India,East,Tamil Nadu,Tier 1,600001,795,9662.78,10,0.17,828.57
ORD000796,02-06-2019,20-02-2019,05-06-2019,First Class,Small,2020,CUST000796,Carol Abbott,11-01-2001,Consumer,PROD000796,Refrigerators - 797,Electric Appliances,Refrigerators,107,India,South,Punjab,Tier 1,160001,796,3001.35,9,0.36,451.19
ORD000797,11-04-2019,22-07-2021,18-04-2019,Same Day,Medium,2022,CUST000797,Christopher Mcintosh,27-07-1954,Corporate,PROD000797,Sandwiches - 107,Fast Food,Sandwiches,13,India,North,Uttar Pradesh,Tier 1,226001,797,12270.64,4,0.33,902.48
ORD000798,16-08-2019,16-03-2022,20-08-2019,Standard Class,Large,2023,CUST000798,Danielle Patterson,07-06-1992,Consumer,PROD000798,Fans - 377,Electric Appliances,Fans,70,India,North,Uttar Pradesh,Tier 2,226001,798,5237.31,7,0.44,844.84
ORD000799,15-10-2022,23-05-2023,21-10-2022,Same Day,Medium,2023,CUST000799,Kimberly Gutierrez,06-01-1965,Corporate,PROD000799,Tables - 543,Furniture,Tables,98,India,South,Delhi,Village,110001,799,45141.02,1,0.08,9201.41
ORD000800,27-09-2021,14-04-2020,29-09-2021,Same Day,Medium,2020,CUST000800,Daniel Williamson,24-11-2013,Consumer,PROD000800,Cheese - 843,Dairy Products,Cheese,95,India,West,Delhi,Village,110001,800,36684.03,4,0.45,3406.35
ORD000801,24-12-2021,08-01-2021,25-12-2021,Standard Class,Small,2020,CUST000801,Kelly Cooper,25-04-1957,Corporate,PROD000801,Fries - 605,Fast Food,Fries,61,India,West,Tamil Nadu,Tier 1,600001,801,44011.33,6,0.4,4999.8
ORD000802,12-11-2020,05-07-2021,15-11-2020,Second Class,Medium,2020,CUST000802,Jeremy Edwards,05-04-1996,Corporate,PROD000802,Milk - 824,Dairy Products,Milk,86,India,South,Uttar Pradesh,Tier 2,226001,802,27509.66,1,0.26,2353.74
ORD000803,10-07-2019,29-03-2019,17-07-2019,Second Class,Small,2021,CUST000803,Elizabeth Hall,26-01-1950,Consumer,PROD000803,Sofas - 789,Furniture,Sofas,100,India,East,Rajasthan,Tier 2,302001,803,33004.29,3,0.2,3461.3
ORD000804,20-01-2023,01-03-2020,23-01-2023,First Class,Medium,2020,CUST000804,Rebecca Martinez,27-10-2010,Corporate,PROD000804,Fries - 796,Fast Food,Fries,117,India,North,Karnataka,Village,560001,804,20333.42,2,0.22,3179.59
ORD000805,23-07-2019,21-03-2022,25-07-2019,Second Class,Large,2020,CUST000805,Nichole Ware,22-10-1991,Consumer,PROD000805,Mops - 168,Household Items,Mops,73,India,East,Gujarat,Tier 1,380001,805,4011.03,3,0.27,541.27
ORD000806,16-06-2022,30-06-2021,19-06-2022,Standard Class,Medium,2022,CUST000806,Julia Turner,01-05-1993,Consumer,PROD000806,Carrots - 455,Sessional Fruits & Vegetables,Carrots,73,India,East,Gujarat,Tier 1,380001,806,14145.63,9,0.04,2392.85
ORD000807,05-07-2019,31-03-2020,11-07-2019,Same Day,Medium,2022,CUST000807,Jerry Lucas,08-06-2015,Consumer,PROD000807,Sofas - 322,Furniture,Sofas,94,India,West,West Bengal,Tier 2,700001,807,3530.14,1,0.02,584.93
ORD000808,22-02-2022,23-10-2020,26-02-2022,First Class,Small,2021,CUST000808,Craig Anthony,21-11-1957,Corporate,PROD000808,Sofas - 671,Furniture,Sofas,73,India,East,Gujarat,Tier 1,380001,808,23891.77,3,0.25,2601.56
ORD000809,16-07-2023,20-06-2022,23-07-2023,Second Class,Small,2023,CUST000809,Laura Davis,28-04-1995,Consumer,PROD000809,Tables - 547,Furniture,Tables,32,India,North,Maharashtra,Tier 1,400001,809,44818.72,4,0.25,9788.9
ORD000810,01-03-2023,26-10-2019,03-03-2023,Standard Class,Small,2023,CUST000810,Lisa Wright,04-03-2010,Consumer,PROD000810,Utensils - 862,Household Items,Utensils,32,India,North,Maharashtra,Tier 1,400001,810,2448.91,6,0.31,402.55
ORD000811,31-08-2022,02-07-2023,02-09-2022,First Class,Large,2019,CUST000811,Kurt Christian,01-11-1959,Corporate,PROD000811,Mops - 953,Household Items,Mops,65,India,East,Uttar Pradesh,Village,226001,811,24497.59,5,0.21,5208.33
ORD000812,15-03-2021,25-03-2020,19-03-2021,Same Day,Small,2021,CUST000812,John Dyer,24-08-2004,Corporate,PROD000812,Burgers - 819,Fast Food,Burgers,23,India,South,Rajasthan,Tier 2,302001,812,5678.84,10,0.19,1378.25
ORD000813,17-08-2021,21-09-2020,20-08-2021,First Class,Medium,2021,CUST000813,Sue Washington,16-05-1980,Corporate,PROD000813,Yogurt - 274,Dairy Products,Yogurt,6,India,South,Uttar Pradesh,Tier 1,226001,813,13826.93,8,0.09,3532.18
ORD000814,16-12-2021,23-12-2021,17-12-2021,First Class,Medium,2019,CUST000814,Melissa Macias,23-03-2013,Consumer,PROD000814,Buckets - 114,Household Items,Buckets,116,India,North,Tamil Nadu,Tier 1,600001,814,8529.36,4,0.33,1491.63
ORD000815,03-10-2019,18-02-2021,10-10-2019,Standard Class,Large,2019,CUST000815,Kayla Carpenter,11-01-2004,Consumer,PROD000815,Milk - 669,Dairy Products,Milk,14,India,South,West Bengal,Tier 1,700001,815,21238.51,1,0.22,1751.49
ORD000816,15-12-2020,19-07-2019,16-12-2020,Same Day,Large,2021,CUST000816,Natasha Flores,08-01-1976,Corporate,PROD000816,Washing Machines - 474,Electric Appliances,Washing Machines,92,India,East,West Bengal,Tier 2,700001,816,21805.16,9,0.48,2866.57
ORD000817,12-08-2021,05-06-2020,19-08-2021,Same Day,Large,2021,CUST000817,Tiffany Dougherty,05-06-1994,Consumer,PROD000817,Pizzas - 820,Fast Food,Pizzas,70,India,North,Uttar Pradesh,Tier 2,226001,817,4361.91,10,0.4,771.41
ORD000818,15-05-2022,19-11-2022,19-05-2022,First Class,Small,2019,CUST000818,Rachel Simmons,15-07-2011,Consumer,PROD000818,Utensils - 557,Household Items,Utensils,59,India,South,Karnataka,Tier 2,560001,818,31580.08,3,0.36,5192.84
ORD000819,26-12-2021,22-11-2021,31-12-2021,Same Day,Medium,2021,CUST000819,Kathryn Rogers,11-05-2000,Corporate,PROD000819,Fries - 878,Fast Food,Fries,96,India,South,Tamil Nadu,Tier 1,600001,819,22811.24,7,0.1,2221.77
ORD000820,05-01-2020,24-08-2022,10-01-2020,Same Day,Small,2022,CUST000820,Allen Huber,15-09-1998,Corporate,PROD000820,Fries - 295,Fast Food,Fries,39,India,East,Karnataka,Tier 2,560001,820,28511.18,3,0.14,4597.54
ORD000821,02-08-2022,04-10-2020,03-08-2022,Same Day,Medium,2020,CUST000821,Garrett Hines,05-06-2008,Corporate,PROD000821,Detergents - 893,Household Items,Detergents,104,India,West,West Bengal,Tier 1,700001,821,33387.94,4,0.41,4713.93
ORD000822,24-10-2019,15-03-2023,30-10-2019,Standard Class,Medium,2023,CUST000822,Courtney Soto,01-04-2018,Corporate,PROD000822,Yogurt - 768,Dairy Products,Yogurt,81,India,South,Karnataka,Village,560001,822,8521.04,10,0.14,921.43
ORD000823,28-08-2023,27-11-2019,02-09-2023,Same Day,Large,2020,CUST000823,Kristine Lopez,25-07-2003,Consumer,PROD000823,Utensils - 745,Household Items,Utensils,39,India,East,Karnataka,Tier 2,560001,823,27001.4,4,0.48,2999.4
ORD000824,26-12-2022,16-04-2022,01-01-2023,Standard Class,Large,2022,CUST000824,Katherine Howard,16-01-1959,Corporate,PROD000824,Microwaves - 351,Electric Appliances,Microwaves,34,India,North,Punjab,Tier 2,160001,824,15301.95,10,0.03,4250.9
ORD000825,04-06-2022,20-02-2023,09-06-2022,Second Class,Large,2019,CUST000825,James Robbins,03-07-2010,Consumer,PROD000825,Apples - 685,Sessional Fruits & Vegetables,Apples,30,India,East,Rajasthan,Tier 1,302001,825,26434.57,8,0.06,6791.7
ORD000826,06-11-2020,23-06-2023,09-11-2020,Second Class,Medium,2022,CUST000826,David Huff,27-05-2000,Consumer,PROD000826,Fries - 530,Fast Food,Fries,114,India,West,Madhya Pradesh,Tier 1,462001,826,43715.35,1,0.22,9641.92
ORD000827,11-08-2019,14-01-2023,13-08-2019,Same Day,Small,2022,CUST000827,Angela Mayer,24-11-1973,Corporate,PROD000827,Butter - 175,Dairy Products,Butter,67,India,East,Delhi,Tier 2,110001,827,28712.07,5,0.14,6284.5
ORD000828,12-03-2021,12-11-2021,15-03-2021,Same Day,Small,2019,CUST000828,Joseph Acosta,01-08-1962,Consumer,PROD000828,Beds - 563,Furniture,Beds,81,India,South,Karnataka,Village,560001,828,5374.96,1,0,695.11
ORD000829,04-11-2022,19-07-2019,08-11-2022,Standard Class,Small,2023,CUST000829,Haley Huff,10-10-2012,Corporate,PROD000829,Buckets - 158,Household Items,Buckets,62,India,South,Tamil Nadu,Village,600001,829,3221,3,0.38,551.6
ORD000830,26-06-2021,29-08-2023,03-07-2021,Second Class,Medium,2020,CUST000830,Sherri Peterson,08-12-1984,Consumer,PROD000830,Fans - 715,Electric Appliances,Fans,48,India,East,Uttar Pradesh,Tier 1,226001,830,8398.69,2,0.4,1007.94
ORD000831,17-01-2023,02-06-2019,19-01-2023,Second Class,Large,2019,CUST000831,Lori Myers,18-01-1963,Corporate,PROD000831,Buckets - 393,Household Items,Buckets,23,India,South,Rajasthan,Tier 2,302001,831,6722.88,10,0.35,888.55
ORD000832,21-08-2021,12-11-2020,26-08-2021,Standard Class,Medium,2023,CUST000832,Jonathan Wilson,04-08-1974,Consumer,PROD000832,Washing Machines - 555,Electric Appliances,Washing Machines,33,India,South,Delhi,Tier 1,110001,832,20667.91,8,0.07,3598.53
ORD000833,09-04-2022,27-04-2022,10-04-2022,Second Class,Large,2021,CUST000833,Ian Hall,09-06-1955,Corporate,PROD000833,Milk - 878,Dairy Products,Milk,60,India,East,Delhi,Tier 1,110001,833,26515.12,5,0.08,3199.59
ORD000834,21-05-2020,26-02-2020,23-05-2020,Second Class,Small,2021,CUST000834,Ruben Holmes,01-03-1978,Consumer,PROD000834,Microwaves - 789,Electric Appliances,Microwaves,16,India,North,Rajasthan,Tier 2,302001,834,27878.13,1,0.08,6012.23
ORD000835,31-08-2022,16-01-2020,05-09-2022,Same Day,Large,2019,CUST000835,Jonathan Patel,04-04-1971,Corporate,PROD000835,Microwaves - 144,Electric Appliances,Microwaves,27,India,North,Delhi,Tier 2,110001,835,8111.58,5,0.31,1491.91
ORD000836,07-09-2023,09-05-2021,09-09-2023,Same Day,Small,2021,CUST000836,Shawn Johnson,18-07-1989,Corporate,PROD000836,Buckets - 262,Household Items,Buckets,23,India,South,Rajasthan,Tier 2,302001,836,18008.88,8,0.06,3375.23
ORD000837,13-09-2022,27-02-2021,20-09-2022,Same Day,Medium,2021,CUST000837,Donald Larsen,25-09-1993,Corporate,PROD000837,Cheese - 132,Dairy Products,Cheese,120,India,South,Gujarat,Village,380001,837,15063.78,7,0,1636.76
ORD000838,15-05-2021,01-09-2023,22-05-2021,Second Class,Large,2022,CUST000838,Maureen Gross,22-03-1962,Consumer,PROD000838,Mangoes - 330,Sessional Fruits & Vegetables,Mangoes,32,India,North,Maharashtra,Tier 1,400001,838,32666.87,5,0.18,3571.58
ORD000839,19-03-2019,22-11-2020,25-03-2019,Same Day,Small,2021,CUST000839,Mark Reynolds,06-11-1955,Corporate,PROD000839,Buckets - 104,Household Items,Buckets,42,India,North,Punjab,Village,160001,839,30387.93,7,0.2,4634.48
ORD000840,17-10-2023,28-05-2020,18-10-2023,Same Day,Medium,2023,CUST000840,Matthew Hamilton,08-03-1954,Consumer,PROD000840,Mops - 219,Household Items,Mops,11,India,South,Madhya Pradesh,Village,462001,840,1781.2,7,0.05,178.34
ORD000841,26-10-2019,15-07-2019,01-11-2019,First Class,Small,2019,CUST000841,Michael Ruiz,24-12-1965,Corporate,PROD000841,Carrots - 827,Sessional Fruits & Vegetables,Carrots,9,India,East,Madhya Pradesh,Tier 2,462001,841,43520.05,1,0.36,4926.74
ORD000842,16-02-2021,31-08-2020,20-02-2021,Second Class,Small,2019,CUST000842,Kristen Lopez,01-04-1954,Corporate,PROD000842,Milk - 913,Dairy Products,Milk,73,India,East,Gujarat,Tier 1,380001,842,11574.43,4,0.02,2180.42
ORD000843,05-07-2021,10-11-2023,08-07-2021,Second Class,Medium,2020,CUST000843,Colleen Cervantes,10-07-1998,Consumer,PROD000843,Mangoes - 297,Sessional Fruits & Vegetables,Mangoes,54,India,South,Delhi,Tier 2,110001,843,21329.94,1,0.24,3886.62
ORD000844,19-05-2022,18-01-2020,22-05-2022,First Class,Small,2019,CUST000844,Alice Hamilton,22-02-1995,Consumer,PROD000844,Tables - 868,Furniture,Tables,14,India,South,West Bengal,Tier 1,700001,844,43531.06,8,0.28,3730.63
ORD000845,11-06-2022,02-05-2021,13-06-2022,Same Day,Small,2022,CUST000845,Victoria Fowler,18-09-1950,Consumer,PROD000845,Tomatoes - 378,Sessional Fruits & Vegetables,Tomatoes,39,India,East,Karnataka,Tier 2,560001,845,18449.35,2,0.11,3888.99
ORD000846,27-06-2023,08-12-2023,28-06-2023,Same Day,Small,2023,CUST000846,David Williams,13-01-2008,Consumer,PROD000846,Washing Machines - 708,Electric Appliances,Washing Machines,29,India,South,Punjab,Village,160001,846,40214.38,2,0.28,6139.81
ORD000847,02-03-2019,15-07-2019,07-03-2019,Same Day,Small,2019,CUST000847,April Morales,31-08-1960,Corporate,PROD000847,Burgers - 595,Fast Food,Burgers,109,India,South,Madhya Pradesh,Tier 1,462001,847,14548.97,9,0.22,2202.57
ORD000848,28-06-2019,27-06-2023,30-06-2019,Second Class,Large,2020,CUST000848,Caleb Lewis,07-04-1996,Consumer,PROD000848,Sofas - 741,Furniture,Sofas,66,India,South,Rajasthan,Village,302001,848,24645.81,8,0.01,5152.2
ORD000849,01-06-2023,18-05-2023,04-06-2023,First Class,Small,2022,CUST000849,Sarah Yang,27-05-1977,Corporate,PROD000849,Fans - 328,Electric Appliances,Fans,30,India,East,Rajasthan,Tier 1,302001,849,354.62,8,0.25,57.92
ORD000850,07-04-2023,07-05-2022,14-04-2023,Same Day,Medium,2019,CUST000850,Melissa Fields,29-09-1959,Consumer,PROD000850,Fans - 385,Electric Appliances,Fans,100,India,East,Rajasthan,Tier 2,302001,850,34645.93,8,0.41,2876.94
ORD000851,19-08-2022,06-08-2023,25-08-2022,Standard Class,Medium,2023,CUST000851,Stacy Murray,17-10-1971,Corporate,PROD000851,Washing Machines - 975,Electric Appliances,Washing Machines,102,India,South,Tamil Nadu,Tier 2,600001,851,40391.69,2,0.05,4903.03
ORD000852,08-02-2020,14-02-2020,14-02-2020,Second Class,Small,2022,CUST000852,Donald Moore,21-02-2010,Corporate,PROD000852,Yogurt - 395,Dairy Products,Yogurt,3,India,North,Maharashtra,Village,400001,852,42734.57,6,0.32,5613.78
ORD000853,23-02-2023,24-05-2023,25-02-2023,Second Class,Medium,2020,CUST000853,Harry Stevens,27-11-1962,Consumer,PROD000853,Fries - 677,Fast Food,Fries,27,India,North,Delhi,Tier 2,110001,853,15552.56,9,0.08,3389.75
ORD000854,12-05-2020,26-02-2019,19-05-2020,Standard Class,Large,2022,CUST000854,Robin Garcia,20-10-1956,Consumer,PROD000854,Fans - 498,Electric Appliances,Fans,70,India,North,Uttar Pradesh,Tier 2,226001,854,2269.68,8,0.34,419.31
ORD000855,04-09-2020,06-04-2021,07-09-2020,First Class,Small,2022,CUST000855,Eric Rocha,24-07-2015,Consumer,PROD000855,Microwaves - 378,Electric Appliances,Microwaves,68,India,West,Punjab,Tier 2,160001,855,42652.12,9,0.18,3696.94
ORD000856,01-09-2020,20-08-2020,07-09-2020,First Class,Medium,2021,CUST000856,Rebecca Smith,29-05-2005,Consumer,PROD000856,Carrots - 782,Sessional Fruits & Vegetables,Carrots,20,India,East,Gujarat,Village,380001,856,1324.43,6,0.1,336.1
ORD000857,22-06-2020,19-12-2019,23-06-2020,Standard Class,Medium,2019,CUST000857,Angela Davis,19-06-1994,Corporate,PROD000857,Sandwiches - 205,Fast Food,Sandwiches,80,India,South,Rajasthan,Tier 1,302001,857,5905.96,1,0.12,856.95
ORD000858,19-06-2022,15-11-2020,25-06-2022,Standard Class,Medium,2021,CUST000858,John Charles,22-02-1992,Corporate,PROD000858,Detergents - 503,Household Items,Detergents,82,India,East,Delhi,Village,110001,858,38535.1,7,0.24,4820.87
ORD000859,27-03-2022,27-01-2020,29-03-2022,Same Day,Large,2023,CUST000859,Anthony Fisher,02-05-1956,Corporate,PROD000859,Milk - 261,Dairy Products,Milk,115,India,East,Punjab,Village,160001,859,331.78,7,0.26,62.77
ORD000860,02-11-2020,02-08-2023,07-11-2020,Same Day,Medium,2022,CUST000860,Amanda Obrien,14-01-2009,Consumer,PROD000860,Tomatoes - 482,Sessional Fruits & Vegetables,Tomatoes,87,India,East,West Bengal,Tier 1,700001,860,4829.43,6,0.44,579.31
ORD000861,09-07-2021,15-02-2023,10-07-2021,First Class,Medium,2019,CUST000861,Nicole Adkins,26-01-1950,Consumer,PROD000861,Mops - 856,Household Items,Mops,90,India,East,Maharashtra,Tier 2,400001,861,41751.8,8,0.03,10793.78
ORD000862,06-01-2023,22-11-2019,08-01-2023,Same Day,Large,2023,CUST000862,Michelle Drake,06-03-1972,Corporate,PROD000862,Pizzas - 120,Fast Food,Pizzas,81,India,South,Karnataka,Village,560001,862,31060.73,5,0.46,1961.79
ORD000863,14-01-2021,18-05-2022,17-01-2021,Standard Class,Large,2019,CUST000863,Deborah Williams,10-07-2008,Consumer,PROD000863,Mangoes - 184,Sessional Fruits & Vegetables,Mangoes,24,India,West,Rajasthan,Tier 1,302001,863,47423,1,0.12,5454.7
ORD000864,13-06-2023,20-11-2019,15-06-2023,Second Class,Small,2021,CUST000864,Matthew Knight,06-12-1981,Corporate,PROD000864,Mangoes - 162,Sessional Fruits & Vegetables,Mangoes,23,India,South,Rajasthan,Tier 2,302001,864,44330.81,7,0.2,5968.65
ORD000865,24-12-2020,27-05-2022,25-12-2020,Same Day,Large,2020,CUST000865,Sheryl Gardner,09-08-1989,Consumer,PROD000865,Washing Machines - 266,Electric Appliances,Washing Machines,42,India,North,Punjab,Village,160001,865,7239.8,2,0.38,1263.78
ORD000866,23-07-2022,03-11-2020,25-07-2022,First Class,Large,2020,CUST000866,Katelyn Patrick,22-11-2004,Corporate,PROD000866,Beds - 889,Furniture,Beds,80,India,South,Rajasthan,Tier 1,302001,866,13843.75,2,0.01,2690.89
ORD000867,06-12-2020,17-11-2020,09-12-2020,Second Class,Large,2022,CUST000867,Sandra Pierce,14-12-1998,Consumer,PROD000867,Mangoes - 681,Sessional Fruits & Vegetables,Mangoes,113,India,West,Rajasthan,Village,302001,867,37348.51,4,0.03,8900.32
ORD000868,09-08-2022,12-11-2020,15-08-2022,Same Day,Small,2023,CUST000868,Michael Jones,31-12-1998,Consumer,PROD000868,Sandwiches - 781,Fast Food,Sandwiches,30,India,East,Rajasthan,Tier 1,302001,868,45992.74,10,0.03,7862.94
ORD000869,24-03-2022,11-10-2019,28-03-2022,First Class,Small,2021,CUST000869,April Carlson,16-08-2008,Consumer,PROD000869,Microwaves - 163,Electric Appliances,Microwaves,103,India,East,West Bengal,Village,700001,869,37089.69,5,0.16,3512.23
ORD000870,23-11-2022,29-03-2019,26-11-2022,Second Class,Small,2020,CUST000870,Leah Thompson,06-10-1964,Consumer,PROD000870,Butter - 259,Dairy Products,Butter,89,India,West,Tamil Nadu,Tier 2,600001,870,28173.38,1,0.22,6533.83
ORD000871,23-02-2020,30-08-2022,26-02-2020,Second Class,Small,2021,CUST000871,Christopher Weaver,13-12-2002,Corporate,PROD000871,Tables - 811,Furniture,Tables,64,India,North,Gujarat,Tier 1,380001,871,19005.22,7,0.07,4619.91
ORD000872,03-09-2019,02-03-2019,05-09-2019,Second Class,Small,2020,CUST000872,Michelle Sims,08-09-1983,Corporate,PROD000872,Fans - 904,Electric Appliances,Fans,17,India,South,Gujarat,Tier 2,380001,872,48398.66,10,0.44,7157.58
ORD000873,16-06-2020,01-04-2020,17-06-2020,Second Class,Medium,2019,CUST000873,Sean Gallegos,06-08-1955,Consumer,PROD000873,Carrots - 861,Sessional Fruits & Vegetables,Carrots,91,India,West,Gujarat,Tier 1,380001,873,4700.3,6,0.41,535.48
ORD000874,10-11-2020,24-12-2020,16-11-2020,Same Day,Large,2022,CUST000874,Michelle Johnson,20-04-1988,Corporate,PROD000874,Washing Machines - 155,Electric Appliances,Washing Machines,57,India,South,Madhya Pradesh,Tier 2,462001,874,21834.59,7,0,5871.5
ORD000875,10-03-2023,18-10-2019,16-03-2023,Second Class,Medium,2022,CUST000875,Mark Butler,18-05-2012,Consumer,PROD000875,Washing Machines - 638,Electric Appliances,Washing Machines,87,India,East,West Bengal,Tier 1,700001,875,12774.65,10,0.23,2797.96
ORD000876,29-07-2022,06-05-2019,01-08-2022,Second Class,Medium,2020,CUST000876,Emma Gonzalez,02-04-1984,Consumer,PROD000876,Utensils - 639,Household Items,Utensils,36,India,East,Gujarat,Tier 2,380001,876,523.75,2,0.34,76.51
ORD000877,11-03-2020,09-12-2021,15-03-2020,Second Class,Medium,2020,CUST000877,Todd Anderson,06-07-1972,Consumer,PROD000877,Mangoes - 695,Sessional Fruits & Vegetables,Mangoes,64,India,North,Gujarat,Tier 1,380001,877,30423.57,10,0.46,3025.1
ORD000878,05-04-2023,10-03-2022,08-04-2023,Standard Class,Large,2023,CUST000878,Daniel Kennedy,07-09-1984,Consumer,PROD000878,Butter - 201,Dairy Products,Butter,16,India,North,Rajasthan,Tier 2,302001,878,23999.62,10,0.37,3031.97
ORD000879,19-02-2023,03-09-2023,21-02-2023,Standard Class,Small,2022,CUST000879,Alan Herrera,26-07-1983,Corporate,PROD000879,Tables - 178,Furniture,Tables,49,India,West,Maharashtra,Tier 2,400001,879,33968.73,6,0.24,4095.62
ORD000880,23-09-2020,26-08-2022,29-09-2020,First Class,Large,2019,CUST000880,Kimberly Whitaker,02-10-1960,Consumer,PROD000880,Cheese - 923,Dairy Products,Cheese,85,India,North,West Bengal,Tier 2,700001,880,1797.94,1,0.23,314.1
ORD000881,23-11-2021,05-09-2021,28-11-2021,First Class,Medium,2022,CUST000881,David Crosby,01-06-1973,Corporate,PROD000881,Sandwiches - 627,Fast Food,Sandwiches,26,India,South,Karnataka,Tier 1,560001,881,46861.76,4,0.43,4131.16
ORD000882,18-07-2020,02-05-2021,20-07-2020,Standard Class,Large,2022,CUST000882,David Edwards,29-10-1996,Corporate,PROD000882,Burgers - 833,Fast Food,Burgers,95,India,West,Delhi,Village,110001,882,43805.12,8,0.24,6601.23
ORD000883,08-05-2021,29-05-2021,11-05-2021,Second Class,Small,2022,CUST000883,Michael Bradley,01-12-1979,Corporate,PROD000883,Sandwiches - 231,Fast Food,Sandwiches,31,India,North,Madhya Pradesh,Tier 2,462001,883,3334.86,4,0.34,467.94
ORD000884,25-02-2020,30-06-2019,03-03-2020,Second Class,Large,2019,CUST000884,Emily Mitchell,25-12-1951,Corporate,PROD000884,Burgers - 395,Fast Food,Burgers,74,India,West,Tamil Nadu,Village,600001,884,30952.1,8,0.16,4974.75
ORD000885,13-02-2023,23-01-2022,16-02-2023,Same Day,Small,2019,CUST000885,Edward Thomas,24-03-1950,Corporate,PROD000885,Tomatoes - 543,Sessional Fruits & Vegetables,Tomatoes,52,India,West,Gujarat,Village,380001,885,8119.13,7,0.25,1481.34
ORD000886,16-11-2021,08-02-2020,20-11-2021,Same Day,Small,2021,CUST000886,Jennifer Hernandez,26-04-2009,Consumer,PROD000886,Utensils - 918,Household Items,Utensils,28,India,West,Uttar Pradesh,Village,226001,886,37497.68,5,0.35,4708.02
ORD000887,06-08-2022,27-07-2019,10-08-2022,Same Day,Small,2021,CUST000887,Vincent Kelly,27-09-2002,Consumer,PROD000887,Cheese - 116,Dairy Products,Cheese,90,India,East,Maharashtra,Tier 2,400001,887,26460.15,1,0.48,3684.7
ORD000888,07-11-2019,10-03-2020,14-11-2019,First Class,Large,2021,CUST000888,Ralph Thomas,06-03-1993,Corporate,PROD000888,Pizzas - 215,Fast Food,Pizzas,106,India,East,Karnataka,Village,560001,888,30756.11,7,0.01,4648.93
ORD000889,06-10-2019,06-08-2020,08-10-2019,Standard Class,Small,2023,CUST000889,Bryan Klein,22-02-1964,Consumer,PROD000889,Washing Machines - 292,Electric Appliances,Washing Machines,39,India,East,Karnataka,Tier 2,560001,889,27898.6,7,0.34,5479.92
ORD000890,07-03-2020,07-09-2019,10-03-2020,Same Day,Small,2023,CUST000890,Patricia Waters,03-09-1972,Corporate,PROD000890,Buckets - 578,Household Items,Buckets,4,India,South,Gujarat,Tier 1,380001,890,3921.52,6,0.09,1056.07
ORD000891,14-08-2020,14-11-2019,15-08-2020,Same Day,Large,2022,CUST000891,Jessica Johnson,31-08-2003,Consumer,PROD000891,Sofas - 941,Furniture,Sofas,107,India,South,Punjab,Tier 1,160001,891,27783.27,9,0.33,4868.16
ORD000892,05-12-2021,24-02-2022,09-12-2021,Standard Class,Medium,2020,CUST000892,Frank Hall,27-03-1999,Consumer,PROD000892,Mops - 696,Household Items,Mops,46,India,North,West Bengal,Tier 1,700001,892,46615.85,7,0.31,4379.13
ORD000893,14-08-2023,09-10-2023,15-08-2023,First Class,Medium,2019,CUST000893,Brandon Morgan,17-01-2011,Corporate,PROD000893,Yogurt - 570,Dairy Products,Yogurt,87,India,East,West Bengal,Tier 1,700001,893,15303.46,5,0.43,1343.9
ORD000894,18-11-2022,20-01-2021,20-11-2022,First Class,Large,2022,CUST000894,Melanie Cooper,12-12-2008,Consumer,PROD000894,Microwaves - 729,Electric Appliances,Microwaves,112,India,North,Delhi,Village,110001,894,48417.35,3,0.25,5187.36
ORD000895,21-04-2021,10-01-2019,27-04-2021,Second Class,Large,2019,CUST000895,Veronica Newman,19-08-1951,Consumer,PROD000895,Utensils - 790,Household Items,Utensils,53,India,South,Maharashtra,Tier 1,400001,895,46013.99,3,0.3,7248.3
ORD000896,23-10-2023,15-01-2022,27-10-2023,Standard Class,Medium,2019,CUST000896,Robert Cooke,12-02-1969,Corporate,PROD000896,Sofas - 604,Furniture,Sofas,35,India,North,Tamil Nadu,Tier 2,600001,896,11318.01,6,0.45,1559.46
ORD000897,07-11-2021,11-05-2020,12-11-2021,Same Day,Small,2021,CUST000897,Mark Ferguson,18-05-1964,Consumer,PROD000897,Mops - 886,Household Items,Mops,13,India,North,Uttar Pradesh,Tier 1,226001,897,45395.15,3,0.03,10550.79
ORD000898,08-03-2021,03-11-2020,12-03-2021,Same Day,Medium,2021,CUST000898,Bryan Jones,25-05-1954,Corporate,PROD000898,Pizzas - 814,Fast Food,Pizzas,119,India,South,Uttar Pradesh,Village,226001,898,49643.14,2,0.32,9732.81
ORD000899,26-12-2021,11-02-2021,27-12-2021,Standard Class,Medium,2022,CUST000899,Ricky Strickland,28-03-1999,Consumer,PROD000899,Refrigerators - 854,Electric Appliances,Refrigerators,113,India,West,Rajasthan,Village,302001,899,29416.56,9,0.14,5347.15
ORD000900,18-05-2021,02-10-2019,20-05-2021,Standard Class,Medium,2019,CUST000900,Sarah Gonzalez,22-07-1955,Consumer,PROD000900,Buckets - 563,Household Items,Buckets,77,India,East,Uttar Pradesh,Tier 2,226001,900,48234.59,1,0,13013.22
ORD000901,20-09-2019,09-03-2023,25-09-2019,Standard Class,Large,2019,CUST000901,Joshua Johnson,14-06-1977,Consumer,PROD000901,Burgers - 906,Fast Food,Burgers,120,India,South,Gujarat,Village,380001,901,5461.9,9,0.25,1122.68
ORD000902,27-06-2022,26-02-2022,01-07-2022,First Class,Large,2023,CUST000902,Jasmine Drake,05-07-1964,Consumer,PROD000902,Apples - 812,Sessional Fruits & Vegetables,Apples,96,India,South,Tamil Nadu,Tier 1,600001,902,29326.09,6,0.01,6415.37
ORD000903,10-01-2019,25-07-2023,16-01-2019,Same Day,Small,2023,CUST000903,Rebecca Williams,04-02-2002,Consumer,PROD000903,Mangoes - 411,Sessional Fruits & Vegetables,Mangoes,100,India,East,Rajasthan,Tier 2,302001,903,8388.49,9,0.49,778.56
ORD000904,03-11-2021,27-03-2022,04-11-2021,Standard Class,Large,2021,CUST000904,Jesus Bell,15-06-1994,Corporate,PROD000904,Butter - 656,Dairy Products,Butter,106,India,East,Karnataka,Village,560001,904,34929.05,3,0.25,2673.83
ORD000905,11-12-2021,15-06-2021,13-12-2021,Second Class,Medium,2019,CUST000905,Virginia Walsh,02-12-1975,Corporate,PROD000905,Utensils - 253,Household Items,Utensils,19,India,North,Punjab,Tier 1,160001,905,34951.2,2,0.49,5343.44
ORD000906,30-01-2023,06-11-2022,06-02-2023,Second Class,Small,2022,CUST000906,Jennifer Brown,13-03-2018,Consumer,PROD000906,Beds - 684,Furniture,Beds,42,India,North,Punjab,Village,160001,906,33826.82,8,0.05,5332.6
ORD000907,01-11-2022,01-12-2020,08-11-2022,First Class,Small,2023,CUST000907,Fred Adams,18-09-1959,Corporate,PROD000907,Fries - 759,Fast Food,Fries,106,India,East,Karnataka,Village,560001,907,18319.72,1,0.47,1751.03
ORD000908,02-09-2023,13-01-2020,04-09-2023,Same Day,Small,2020,CUST000908,Kaylee Garcia,12-04-1976,Consumer,PROD000908,Burgers - 707,Fast Food,Burgers,91,India,West,Gujarat,Tier 1,380001,908,19840.19,6,0.42,1479.37
ORD000909,28-08-2020,30-01-2020,03-09-2020,Standard Class,Small,2019,CUST000909,Megan Woods,04-12-2014,Consumer,PROD000909,Fries - 107,Fast Food,Fries,113,India,West,Rajasthan,Village,302001,909,41274.75,9,0.38,4907.92
ORD000910,28-12-2021,24-02-2019,02-01-2022,Standard Class,Small,2022,CUST000910,Denise Gibbs,24-06-1979,Consumer,PROD000910,Washing Machines - 329,Electric Appliances,Washing Machines,100,India,East,Rajasthan,Tier 2,302001,910,16177.73,3,0.48,1112.6
ORD000911,12-01-2020,30-09-2021,16-01-2020,Same Day,Large,2021,CUST000911,Gary Mendoza,22-08-2004,Consumer,PROD000911,Refrigerators - 850,Electric Appliances,Refrigerators,105,India,East,Madhya Pradesh,Tier 1,462001,911,5130.79,7,0.41,808.14
ORD000912,10-05-2021,02-03-2023,17-05-2021,Same Day,Medium,2020,CUST000912,Kelly Thomas,23-02-1958,Corporate,PROD000912,Sandwiches - 892,Fast Food,Sandwiches,8,India,East,Karnataka,Tier 1,560001,912,42619.71,2,0.23,7723.35
ORD000913,21-02-2022,17-07-2020,26-02-2022,Second Class,Small,2023,CUST000913,Christopher Anderson,28-02-1987,Corporate,PROD000913,Yogurt - 313,Dairy Products,Yogurt,55,India,West,Punjab,Village,160001,913,18467.02,7,0.44,1579.28
ORD000914,17-06-2023,28-11-2020,24-06-2023,Standard Class,Small,2019,CUST000914,Charles Thomas,30-07-1966,Corporate,PROD000914,Butter - 153,Dairy Products,Butter,95,India,West,Delhi,Village,110001,914,17461.58,1,0.41,2776.47
ORD000915,09-11-2023,01-12-2021,12-11-2023,Second Class,Large,2020,CUST000915,Christopher Schmidt,18-09-1969,Corporate,PROD000915,Utensils - 181,Household Items,Utensils,30,India,East,Rajasthan,Tier 1,302001,915,36316.35,8,0.34,3380.53
ORD000916,15-03-2020,21-09-2023,22-03-2020,Same Day,Small,2020,CUST000916,Jessica Clements,24-04-1956,Consumer,PROD000916,Pizzas - 749,Fast Food,Pizzas,84,India,West,Uttar Pradesh,Tier 1,226001,916,28511.48,2,0.2,5821.47
ORD000917,10-01-2019,03-03-2022,13-01-2019,Second Class,Small,2023,CUST000917,Kyle Lynch,28-01-1969,Corporate,PROD000917,Milk - 942,Dairy Products,Milk,9,India,East,Madhya Pradesh,Tier 2,462001,917,49414.63,6,0.12,6082.08
ORD000918,01-04-2019,26-11-2020,04-04-2019,Standard Class,Small,2022,CUST000918,Matthew English,06-08-1996,Consumer,PROD000918,Detergents - 984,Household Items,Detergents,4,India,South,Gujarat,Tier 1,380001,918,23345.14,9,0.47,1498.88
ORD000919,31-05-2020,18-04-2023,05-06-2020,First Class,Large,2023,CUST000919,Linda Kelly,18-05-1996,Corporate,PROD000919,Chairs - 361,Furniture,Chairs,62,India,South,Tamil Nadu,Village,600001,919,27991.01,10,0.43,1799.26
ORD000920,14-08-2023,19-11-2019,17-08-2023,First Class,Large,2020,CUST000920,Michael Harris,28-12-1988,Corporate,PROD000920,Washing Machines - 210,Electric Appliances,Washing Machines,53,India,South,Maharashtra,Tier 1,400001,920,15328.7,10,0.29,2113.16
ORD000921,28-11-2020,26-02-2022,05-12-2020,Standard Class,Large,2019,CUST000921,Wesley Armstrong,26-08-2015,Corporate,PROD000921,Tables - 848,Furniture,Tables,80,India,South,Rajasthan,Tier 1,302001,921,33092.56,3,0.06,7794.98
ORD000922,14-02-2020,19-08-2023,19-02-2020,Standard Class,Large,2021,CUST000922,Kelli Petersen,27-10-1962,Consumer,PROD000922,Apples - 700,Sessional Fruits & Vegetables,Apples,116,India,North,Tamil Nadu,Tier 1,600001,922,35451.4,9,0.27,6100.21
ORD000923,23-10-2021,12-08-2023,24-10-2021,Second Class,Medium,2021,CUST000923,Timothy Smith,02-04-1971,Corporate,PROD000923,Carrots - 230,Sessional Fruits & Vegetables,Carrots,65,India,East,Uttar Pradesh,Village,226001,923,19909.3,6,0.26,2219.33
ORD000924,18-07-2019,09-11-2019,20-07-2019,Standard Class,Medium,2021,CUST000924,Adam Gibson,21-05-1991,Corporate,PROD000924,Milk - 623,Dairy Products,Milk,23,India,South,Rajasthan,Tier 2,302001,924,13327.28,1,0.2,1820.6
ORD000925,26-10-2021,01-07-2019,31-10-2021,First Class,Small,2019,CUST000925,Zachary Richards,16-05-1962,Consumer,PROD000925,Pizzas - 110,Fast Food,Pizzas,47,India,East,Maharashtra,Village,400001,925,9956.76,7,0.25,1107.8
ORD000926,12-09-2019,10-03-2022,16-09-2019,Same Day,Medium,2023,CUST000926,Billy Buck,31-01-1953,Consumer,PROD000926,Milk - 404,Dairy Products,Milk,49,India,West,Maharashtra,Tier 2,400001,926,8171.05,9,0.37,1084.25
ORD000927,21-01-2023,09-11-2019,24-01-2023,Same Day,Small,2019,CUST000927,Kenneth Gonzalez,23-08-1990,Corporate,PROD000927,Fries - 149,Fast Food,Fries,120,India,South,Gujarat,Village,380001,927,11254.01,6,0.49,1669.62
ORD000928,25-10-2023,18-12-2019,31-10-2023,Second Class,Medium,2022,CUST000928,Jessica Johnson,21-03-1960,Corporate,PROD000928,Butter - 325,Dairy Products,Butter,19,India,North,Punjab,Tier 1,160001,928,12968.55,3,0.41,1901.2
ORD000929,26-11-2019,13-03-2021,29-11-2019,Same Day,Medium,2023,CUST000929,Tyler Walker,16-11-1962,Consumer,PROD000929,Burgers - 329,Fast Food,Burgers,117,India,North,Karnataka,Village,560001,929,17739.34,9,0.43,2645.28
ORD000930,06-12-2023,19-07-2020,12-12-2023,Standard Class,Small,2020,CUST000930,Joseph Smith,08-12-1996,Consumer,PROD000930,Chairs - 826,Furniture,Chairs,26,India,South,Karnataka,Tier 1,560001,930,21925.77,5,0.08,2554.13
ORD000931,02-06-2022,04-03-2022,06-06-2022,First Class,Medium,2023,CUST000931,Kevin Clark,24-07-1950,Corporate,PROD000931,Milk - 334,Dairy Products,Milk,13,India,North,Uttar Pradesh,Tier 1,226001,931,28556.49,10,0.12,6565.1
ORD000932,11-01-2023,16-09-2020,13-01-2023,Standard Class,Small,2023,CUST000932,Sharon Guzman,26-01-1998,Corporate,PROD000932,Sandwiches - 124,Fast Food,Sandwiches,55,India,West,Punjab,Village,160001,932,27309,7,0.16,6078.13
ORD000933,15-10-2019,28-12-2019,21-10-2019,Standard Class,Small,2019,CUST000933,Lori Wolfe,20-12-2008,Corporate,PROD000933,Utensils - 393,Household Items,Utensils,91,India,West,Gujarat,Tier 1,380001,933,17635.73,8,0.12,3897.28
ORD000934,24-06-2021,03-10-2020,29-06-2021,First Class,Large,2022,CUST000934,Mason Lindsey,09-06-1976,Corporate,PROD000934,Mops - 290,Household Items,Mops,94,India,West,West Bengal,Tier 2,700001,934,3029.01,8,0.47,198.88
ORD000935,18-03-2022,21-10-2020,22-03-2022,Same Day,Large,2020,CUST000935,Brian Burke,09-08-1981,Consumer,PROD000935,Tomatoes - 825,Sessional Fruits & Vegetables,Tomatoes,25,India,West,Karnataka,Village,560001,935,8578.31,3,0.11,1802.44
ORD000936,15-12-2023,29-06-2019,20-12-2023,Second Class,Large,2020,CUST000936,Judith Larson,10-02-1962,Consumer,PROD000936,Washing Machines - 938,Electric Appliances,Washing Machines,101,India,North,Madhya Pradesh,Tier 1,462001,936,45364.45,8,0.08,11000.71
ORD000937,05-07-2019,27-07-2022,07-07-2019,Same Day,Medium,2019,CUST000937,David Mason,15-08-1975,Corporate,PROD000937,Fries - 615,Fast Food,Fries,46,India,North,West Bengal,Tier 1,700001,937,4791.62,9,0.31,890.83
ORD000938,20-03-2020,23-06-2020,27-03-2020,Standard Class,Large,2019,CUST000938,Jay Bowman,05-01-1984,Consumer,PROD000938,Mops - 417,Household Items,Mops,54,India,South,Delhi,Tier 2,110001,938,45334.04,7,0.42,2657.56
ORD000939,17-01-2023,13-07-2020,20-01-2023,Standard Class,Small,2022,CUST000939,Keith Brown,05-02-2016,Consumer,PROD000939,Apples - 355,Sessional Fruits & Vegetables,Apples,50,India,South,Maharashtra,Village,400001,939,22879.58,9,0.2,3161.34
ORD000940,28-07-2023,03-11-2022,02-08-2023,First Class,Small,2023,CUST000940,Kathleen Woods,10-05-2000,Corporate,PROD000940,Cheese - 867,Dairy Products,Cheese,9,India,East,Madhya Pradesh,Tier 2,462001,940,3559.2,8,0.12,432.25
ORD000941,19-09-2022,03-08-2022,23-09-2022,Same Day,Small,2020,CUST000941,Frederick Ballard,23-03-1961,Corporate,PROD000941,Refrigerators - 435,Electric Appliances,Refrigerators,9,India,East,Madhya Pradesh,Tier 2,462001,941,18695.32,1,0.19,2214.33
ORD000942,20-04-2020,08-04-2023,21-04-2020,Standard Class,Large,2020,CUST000942,Shaun Patel,22-04-2000,Corporate,PROD000942,Yogurt - 768,Dairy Products,Yogurt,55,India,West,Punjab,Village,160001,942,10182.02,3,0.44,1582.07
ORD000943,09-08-2021,11-01-2019,12-08-2021,Second Class,Small,2023,CUST000943,Christopher Snow,21-12-2011,Corporate,PROD000943,Chairs - 149,Furniture,Chairs,37,India,South,Punjab,Tier 2,160001,943,48620.94,6,0.47,4367.79
ORD000944,16-02-2022,26-02-2020,23-02-2022,Second Class,Small,2021,CUST000944,Katie Baker,03-11-1952,Corporate,PROD000944,Microwaves - 397,Electric Appliances,Microwaves,84,India,West,Uttar Pradesh,Tier 1,226001,944,38707.84,1,0.27,6385.77
ORD000945,18-11-2020,18-03-2021,25-11-2020,Standard Class,Small,2022,CUST000945,Timothy Rosales,29-08-1956,Corporate,PROD000945,Fries - 577,Fast Food,Fries,63,India,West,Maharashtra,Tier 1,400001,945,40625.09,5,0.2,9567.58
ORD000946,08-06-2022,13-07-2023,11-06-2022,Same Day,Medium,2021,CUST000946,Jennifer Patterson,08-09-1976,Corporate,PROD000946,Fans - 175,Electric Appliances,Fans,102,India,South,Tamil Nadu,Tier 2,600001,946,37988.62,9,0.4,5359.68
ORD000947,09-02-2020,29-01-2021,13-02-2020,Standard Class,Medium,2021,CUST000947,Heather White,07-04-1951,Corporate,PROD000947,Mops - 976,Household Items,Mops,118,India,West,Maharashtra,Village,400001,947,27277.72,6,0.32,3222.62
ORD000948,13-03-2019,27-11-2021,18-03-2019,Same Day,Small,2021,CUST000948,Melissa Garcia,24-03-1961,Consumer,PROD000948,Sofas - 698,Furniture,Sofas,94,India,West,West Bengal,Tier 2,700001,948,46446.36,2,0.1,12391.16
ORD000949,13-02-2019,09-08-2019,14-02-2019,Second Class,Small,2021,CUST000949,Mark Smith,08-01-1986,Consumer,PROD000949,Fans - 831,Electric Appliances,Fans,61,India,West,Tamil Nadu,Tier 1,600001,949,11014.22,5,0.17,1214.96
ORD000950,16-07-2019,30-11-2023,19-07-2019,First Class,Small,2023,CUST000950,Jill York,23-07-2013,Consumer,PROD000950,Tomatoes - 653,Sessional Fruits & Vegetables,Tomatoes,71,India,East,Punjab,Tier 2,160001,950,31440.6,2,0.11,4221.34
ORD000951,16-05-2022,20-04-2022,19-05-2022,First Class,Large,2020,CUST000951,Karen Savage,16-10-1980,Corporate,PROD000951,Apples - 708,Sessional Fruits & Vegetables,Apples,115,India,East,Punjab,Village,160001,951,30794.92,9,0.45,2679.75
ORD000952,31-01-2020,24-03-2021,02-02-2020,Same Day,Small,2023,CUST000952,April Hodges,15-07-1960,Consumer,PROD000952,Refrigerators - 427,Electric Appliances,Refrigerators,64,India,North,Gujarat,Tier 1,380001,952,18138.46,2,0,5123.85
ORD000953,04-05-2022,20-07-2022,07-05-2022,Standard Class,Medium,2022,CUST000953,Kayla Cordova,16-09-1991,Consumer,PROD000953,Apples - 113,Sessional Fruits & Vegetables,Apples,43,India,South,West Bengal,Tier 2,700001,953,8055.19,2,0.43,1081.08
ORD000954,16-02-2020,22-02-2023,19-02-2020,Same Day,Small,2022,CUST000954,Andrew Clark,10-04-1993,Consumer,PROD000954,Burgers - 383,Fast Food,Burgers,65,India,East,Uttar Pradesh,Village,226001,954,27190.51,5,0.24,2725.06
ORD000955,11-02-2019,26-03-2023,16-02-2019,Standard Class,Large,2023,CUST000955,Isaac Gibson,05-04-1952,Consumer,PROD000955,Washing Machines - 836,Electric Appliances,Washing Machines,8,India,East,Karnataka,Tier 1,560001,955,26496.23,1,0.17,3463.76
ORD000956,28-07-2020,08-01-2022,31-07-2020,First Class,Medium,2020,CUST000956,Christopher Robinson,13-09-2017,Consumer,PROD000956,Tomatoes - 781,Sessional Fruits & Vegetables,Tomatoes,20,India,East,Gujarat,Village,380001,956,6314.91,7,0.33,568.16
ORD000957,07-10-2023,26-07-2023,12-10-2023,Standard Class,Large,2023,CUST000957,David Sosa,13-07-1981,Corporate,PROD000957,Pizzas - 577,Fast Food,Pizzas,14,India,South,West Bengal,Tier 1,700001,957,14391.18,8,0.41,2324.13
ORD000958,21-10-2022,23-09-2021,25-10-2022,Standard Class,Small,2020,CUST000958,Lauren Brown,18-04-1961,Corporate,PROD000958,Mangoes - 183,Sessional Fruits & Vegetables,Mangoes,120,India,South,Gujarat,Village,380001,958,26757.64,3,0.42,4471.32
ORD000959,05-10-2021,11-12-2021,07-10-2021,Same Day,Medium,2020,CUST000959,Thomas Powell,21-05-1965,Corporate,PROD000959,Mangoes - 331,Sessional Fruits & Vegetables,Mangoes,87,India,East,West Bengal,Tier 1,700001,959,38733.35,10,0.39,4738.39
ORD000960,01-06-2019,02-11-2019,03-06-2019,Second Class,Large,2021,CUST000960,Charles Burton,04-04-2009,Corporate,PROD000960,Tomatoes - 556,Sessional Fruits & Vegetables,Tomatoes,75,India,North,Tamil Nadu,Village,600001,960,37872.5,3,0.33,6646.87
ORD000961,29-10-2022,04-12-2022,05-11-2022,Same Day,Medium,2023,CUST000961,Joanne Snow,08-02-1971,Corporate,PROD000961,Microwaves - 645,Electric Appliances,Microwaves,69,India,North,Madhya Pradesh,Village,462001,961,5045.42,2,0.31,648.66
ORD000962,05-11-2022,14-01-2021,08-11-2022,First Class,Medium,2022,CUST000962,Jennifer Lara,06-08-1995,Consumer,PROD000962,Washing Machines - 263,Electric Appliances,Washing Machines,8,India,East,Karnataka,Tier 1,560001,962,23461.58,2,0.33,1745.69
ORD000963,21-07-2020,31-12-2021,24-07-2020,First Class,Small,2019,CUST000963,Phillip Bowen,14-06-1997,Consumer,PROD000963,Tables - 620,Furniture,Tables,74,India,West,Tamil Nadu,Village,600001,963,48898.08,7,0.39,6387.09
ORD000964,29-10-2023,16-11-2021,04-11-2023,Standard Class,Medium,2023,CUST000964,Joe Gonzales,02-02-2004,Consumer,PROD000964,Milk - 436,Dairy Products,Milk,90,India,East,Maharashtra,Tier 2,400001,964,27348.61,8,0.48,2480.78
ORD000965,02-03-2021,27-09-2022,04-03-2021,Second Class,Medium,2023,CUST000965,Jennifer Berg,06-08-1985,Corporate,PROD000965,Beds - 240,Furniture,Beds,49,India,West,Maharashtra,Tier 2,400001,965,1142.46,3,0.17,133.54
ORD000966,05-11-2023,30-05-2021,08-11-2023,Same Day,Large,2021,CUST000966,Vanessa Dodson,10-06-1996,Consumer,PROD000966,Sandwiches - 877,Fast Food,Sandwiches,29,India,South,Punjab,Village,160001,966,46611.24,6,0.32,3494.17
ORD000967,19-06-2020,22-04-2021,23-06-2020,Same Day,Medium,2022,CUST000967,Lauren Vance,23-06-2005,Corporate,PROD000967,Carrots - 129,Sessional Fruits & Vegetables,Carrots,58,India,North,Karnataka,Tier 2,560001,967,7720.14,9,0.31,1463.05
ORD000968,21-07-2023,14-02-2019,23-07-2023,Standard Class,Large,2022,CUST000968,Aaron Moreno,26-09-2008,Consumer,PROD000968,Milk - 530,Dairy Products,Milk,83,India,North,Gujarat,Tier 2,380001,968,29544.86,1,0.19,3043.87
ORD000969,05-08-2020,01-09-2019,10-08-2020,Second Class,Medium,2021,CUST000969,Sandra Patel,26-04-1994,Consumer,PROD000969,Beds - 500,Furniture,Beds,64,India,North,Gujarat,Tier 1,380001,969,4171.37,7,0.29,523.18
ORD000970,23-11-2020,10-12-2019,24-11-2020,Same Day,Small,2020,CUST000970,Erik Benton,19-01-1985,Consumer,PROD000970,Tomatoes - 472,Sessional Fruits & Vegetables,Tomatoes,81,India,South,Karnataka,Village,560001,970,6514.29,7,0.47,671.61
ORD000971,25-09-2023,20-01-2022,30-09-2023,Same Day,Small,2023,CUST000971,Shelby Gonzalez,18-08-1998,Corporate,PROD000971,Refrigerators - 612,Electric Appliances,Refrigerators,37,India,South,Punjab,Tier 2,160001,971,6348.21,6,0.17,1026.25
ORD000972,23-05-2023,11-09-2019,24-05-2023,Second Class,Small,2021,CUST000972,Elizabeth Roberts,15-10-1972,Consumer,PROD000972,Tables - 673,Furniture,Tables,118,India,West,Maharashtra,Village,400001,972,30297.01,9,0.09,4997.19
ORD000973,25-12-2022,01-06-2019,27-12-2022,Same Day,Large,2021,CUST000973,John Jimenez,24-04-1977,Consumer,PROD000973,Tables - 502,Furniture,Tables,71,India,East,Punjab,Tier 2,160001,973,37031.65,10,0.02,9067.72
ORD000974,16-10-2021,08-01-2022,21-10-2021,Same Day,Small,2023,CUST000974,Ashley Watts,28-10-1986,Consumer,PROD000974,Milk - 807,Dairy Products,Milk,12,India,East,Madhya Pradesh,Village,462001,974,1068.82,9,0.35,99.04
ORD000975,09-12-2019,16-10-2023,11-12-2019,First Class,Large,2019,CUST000975,Leah Velasquez,27-09-2010,Corporate,PROD000975,Sandwiches - 758,Fast Food,Sandwiches,51,India,West,Delhi,Tier 1,110001,975,9064.06,2,0.27,1124.11
ORD000976,11-03-2019,26-06-2019,17-03-2019,Standard Class,Large,2023,CUST000976,Timothy Shaw,31-12-1996,Corporate,PROD000976,Sofas - 839,Furniture,Sofas,114,India,West,Madhya Pradesh,Tier 1,462001,976,14758.65,1,0.43,980.96
ORD000977,28-03-2023,21-02-2021,03-04-2023,First Class,Large,2019,CUST000977,Jennifer Lee,06-01-2008,Consumer,PROD000977,Detergents - 875,Household Items,Detergents,4,India,South,Gujarat,Tier 1,380001,977,23163.45,4,0.16,2791.89
ORD000978,05-12-2019,16-10-2021,11-12-2019,Second Class,Large,2022,CUST000978,Holly Roman,16-05-1963,Consumer,PROD000978,Refrigerators - 891,Electric Appliances,Refrigerators,52,India,West,Gujarat,Village,380001,978,45050.68,3,0.1,6466.15
ORD000979,17-09-2019,19-11-2022,21-09-2019,Second Class,Large,2020,CUST000979,Lori Carey,12-08-1955,Corporate,PROD000979,Mangoes - 236,Sessional Fruits & Vegetables,Mangoes,5,India,North,West Bengal,Village,700001,979,1919.36,6,0.12,465.92
ORD000980,25-09-2022,20-02-2020,30-09-2022,Standard Class,Large,2023,CUST000980,Robert Baker,20-03-1960,Consumer,PROD000980,Tables - 756,Furniture,Tables,18,India,West,Delhi,Tier 2,110001,980,29719.9,3,0.01,3425.14
ORD000981,27-11-2023,31-12-2019,30-11-2023,Standard Class,Large,2023,CUST000981,Chase Yoder,30-11-1981,Corporate,PROD000981,Butter - 925,Dairy Products,Butter,100,India,East,Rajasthan,Tier 2,302001,981,9634.75,3,0.32,1730.08
ORD000982,25-05-2022,26-03-2020,29-05-2022,Second Class,Large,2020,CUST000982,Brad Thompson,01-06-1998,Consumer,PROD000982,Tables - 908,Furniture,Tables,83,India,North,Gujarat,Tier 2,380001,982,46881.33,8,0.24,9337.36
ORD000983,26-04-2023,27-09-2023,02-05-2023,Same Day,Large,2023,CUST000983,Samuel Wong,21-03-2011,Corporate,PROD000983,Pizzas - 201,Fast Food,Pizzas,78,India,North,Rajasthan,Tier 1,302001,983,20683.44,9,0.42,3256.19
ORD000984,01-08-2022,31-05-2020,07-08-2022,Standard Class,Small,2023,CUST000984,Jason Arias,30-10-2012,Corporate,PROD000984,Apples - 236,Sessional Fruits & Vegetables,Apples,74,India,West,Tamil Nadu,Village,600001,984,15203.14,8,0.26,1946.96
ORD000985,08-05-2021,06-05-2019,10-05-2021,Same Day,Medium,2019,CUST000985,Richard Stephens,21-08-1950,Corporate,PROD000985,Sandwiches - 188,Fast Food,Sandwiches,70,India,North,Uttar Pradesh,Tier 2,226001,985,10171.04,5,0.46,581.39
ORD000986,22-10-2022,20-03-2023,27-10-2022,Standard Class,Small,2022,CUST000986,Justin Kelley,21-02-2000,Corporate,PROD000986,Washing Machines - 377,Electric Appliances,Washing Machines,15,India,North,Gujarat,Village,380001,986,22618.99,6,0.46,1638.68
ORD000987,09-05-2023,10-06-2020,11-05-2023,First Class,Large,2020,CUST000987,Erin Edwards,04-10-1996,Corporate,PROD000987,Milk - 409,Dairy Products,Milk,77,India,East,Uttar Pradesh,Tier 2,226001,987,22161.38,8,0.46,3284.89
ORD000988,29-04-2019,13-05-2019,03-05-2019,Same Day,Small,2020,CUST000988,Richard Santiago,09-07-1965,Consumer,PROD000988,Sofas - 218,Furniture,Sofas,64,India,North,Gujarat,Tier 1,380001,988,1346.92,10,0.38,227.73
ORD000989,07-11-2020,26-06-2021,10-11-2020,Standard Class,Small,2020,CUST000989,Courtney Case,30-05-2003,Corporate,PROD000989,Sandwiches - 327,Fast Food,Sandwiches,69,India,North,Madhya Pradesh,Village,462001,989,1600.69,3,0.22,361.68
ORD000990,03-01-2020,22-02-2020,07-01-2020,Same Day,Large,2019,CUST000990,Tracey Allen,29-06-1975,Consumer,PROD000990,Apples - 277,Sessional Fruits & Vegetables,Apples,24,India,West,Rajasthan,Tier 1,302001,990,47579.47,9,0.14,6683.19
ORD000991,27-05-2023,06-05-2020,29-05-2023,Standard Class,Medium,2019,CUST000991,Alexis Sanchez,18-03-1986,Corporate,PROD000991,Pizzas - 781,Fast Food,Pizzas,62,India,South,Tamil Nadu,Village,600001,991,37834.35,10,0.46,2934.65
ORD000992,29-11-2020,21-04-2020,01-12-2020,Same Day,Large,2019,CUST000992,Matthew Johnson,04-06-1966,Consumer,PROD000992,Tables - 148,Furniture,Tables,46,India,North,West Bengal,Tier 1,700001,992,14615.1,9,0.16,2002.18
ORD000993,04-05-2020,15-05-2019,08-05-2020,Standard Class,Large,2021,CUST000993,Maria Larson,28-10-2006,Consumer,PROD000993,Pizzas - 283,Fast Food,Pizzas,43,India,South,West Bengal,Tier 2,700001,993,42198.18,9,0.25,5042.42
ORD000994,12-01-2022,09-07-2019,14-01-2022,Same Day,Large,2019,CUST000994,Lori Clark,01-12-2011,Corporate,PROD000994,Yogurt - 403,Dairy Products,Yogurt,96,India,South,Tamil Nadu,Tier 1,600001,994,20398.85,3,0.26,4518.26
ORD000995,16-10-2020,07-05-2022,19-10-2020,Second Class,Small,2019,CUST000995,Charles Salazar,13-01-2003,Consumer,PROD000995,Fans - 121,Electric Appliances,Fans,54,India,South,Delhi,Tier 2,110001,995,15233.29,8,0.02,4227.63
ORD000996,24-05-2023,22-05-2020,31-05-2023,Standard Class,Small,2019,CUST000996,Morgan Johnson,16-08-1978,Corporate,PROD000996,Detergents - 796,Household Items,Detergents,84,India,West,Uttar Pradesh,Tier 1,226001,996,13011.97,8,0.23,1561.92
ORD000997,10-08-2022,15-09-2023,15-08-2022,Same Day,Large,2019,CUST000997,Thomas Bonilla,09-11-1987,Consumer,PROD000997,Washing Machines - 650,Electric Appliances,Washing Machines,29,India,South,Punjab,Village,160001,997,36962.16,1,0.12,6517.47
ORD000998,17-04-2019,15-01-2020,21-04-2019,First Class,Small,2020,CUST000998,Shawna Cochran,28-03-2003,Consumer,PROD000998,Beds - 188,Furniture,Beds,1,India,East,Tamil Nadu,Tier 2,600001,998,21801.13,7,0.36,3802.97
ORD000999,28-12-2021,04-03-2020,31-12-2021,Standard Class,Large,2019,CUST000999,Hayden Mills,21-10-1987,Consumer,PROD000999,Fans - 657,Electric Appliances,Fans,69,India,North,Madhya Pradesh,Village,462001,999,11714.01,1,0.29,905.16
ORD001000,06-12-2022,30-03-2023,09-12-2022,Standard Class,Small,2019,CUST001000,Jessica Martin,04-05-1992,Corporate,PROD001000,Butter - 151,Dairy Products,Butter,104,India,West,West Bengal,Tier 1,700001,1000,25496.36,5,0.08,2633.8
ORD001001,01-07-2022,11-04-2022,02-07-2022,Same Day,Large,2022,CUST001001,Caleb Kaufman,18-11-1962,Consumer,PROD001001,Apples - 819,Sessional Fruits & Vegetables,Apples,66,India,South,Rajasthan,Village,302001,1001,33973.13,9,0.12,6129.33
ORD001002,11-05-2019,03-06-2022,13-05-2019,Same Day,Large,2020,CUST001002,Charles Sampson,05-08-1951,Consumer,PROD001002,Carrots - 481,Sessional Fruits & Vegetables,Carrots,80,India,South,Rajasthan,Tier 1,302001,1002,28749.91,2,0.42,2220.87
ORD001003,11-03-2021,15-05-2023,12-03-2021,Second Class,Large,2023,CUST001003,Jeffery Estes,08-11-1989,Consumer,PROD001003,Tomatoes - 492,Sessional Fruits & Vegetables,Tomatoes,22,India,East,Rajasthan,Village,302001,1003,4507.02,9,0.41,353.24
ORD001004,13-03-2021,22-02-2020,16-03-2021,Standard Class,Small,2020,CUST001004,Charles Williams,11-10-1951,Consumer,PROD001004,Milk - 323,Dairy Products,Milk,39,India,East,Karnataka,Tier 2,560001,1004,25382.33,10,0.09,5818.35
ORD001005,02-03-2019,16-07-2021,06-03-2019,Same Day,Large,2022,CUST001005,Steven Humphrey,15-02-1999,Consumer,PROD001005,Sofas - 144,Furniture,Sofas,24,India,West,Rajasthan,Tier 1,302001,1005,30803.86,2,0.29,3548.01
ORD001006,12-01-2019,12-09-2022,16-01-2019,First Class,Large,2020,CUST001006,Edward Beck,21-03-1971,Corporate,PROD001006,Detergents - 977,Household Items,Detergents,10,India,West,Gujarat,Tier 2,380001,1006,18450.67,1,0.24,1913.31
ORD001007,07-06-2019,30-09-2019,11-06-2019,Standard Class,Small,2022,CUST001007,Jonathan Mitchell,31-07-2014,Corporate,PROD001007,Carrots - 632,Sessional Fruits & Vegetables,Carrots,102,India,South,Tamil Nadu,Tier 2,600001,1007,12521.08,6,0.35,1509.29
ORD001008,24-07-2019,16-04-2022,28-07-2019,Same Day,Large,2021,CUST001008,Heather Hudson,05-02-2018,Corporate,PROD001008,Burgers - 689,Fast Food,Burgers,7,India,North,Karnataka,Tier 1,560001,1008,27355.82,2,0.06,4379.11
ORD001009,19-09-2020,17-01-2019,22-09-2020,First Class,Large,2020,CUST001009,Gerald Adams,12-06-2014,Consumer,PROD001009,Buckets - 277,Household Items,Buckets,19,India,North,Punjab,Tier 1,160001,1009,9786.29,2,0.24,1320.85
ORD001010,17-01-2020,24-10-2022,20-01-2020,Second Class,Small,2023,CUST001010,Kimberly Bradley,22-08-1994,Consumer,PROD001010,Mangoes - 721,Sessional Fruits & Vegetables,Mangoes,101,India,North,Madhya Pradesh,Tier 1,462001,1010,36479.74,9,0.4,3101.67
ORD001011,10-07-2022,15-12-2023,11-07-2022,Second Class,Small,2019,CUST001011,Amy Johnson,21-06-2017,Corporate,PROD001011,Butter - 255,Dairy Products,Butter,49,India,West,Maharashtra,Tier 2,400001,1011,36110.05,10,0.04,9912.62
ORD001012,18-08-2020,23-06-2022,19-08-2020,First Class,Small,2022,CUST001012,Richard Patel,15-04-1969,Consumer,PROD001012,Yogurt - 687,Dairy Products,Yogurt,60,India,East,Delhi,Tier 1,110001,1012,11522.61,7,0.15,1573.67
ORD001013,24-06-2020,02-09-2019,30-06-2020,Standard Class,Medium,2021,CUST001013,Christopher Smith,10-04-2016,Corporate,PROD001013,Mangoes - 819,Sessional Fruits & Vegetables,Mangoes,6,India,South,Uttar Pradesh,Tier 1,226001,1013,16770.73,10,0.13,4337.66
ORD001014,18-01-2021,28-06-2019,25-01-2021,Standard Class,Medium,2023,CUST001014,Christina Richardson,04-11-1983,Consumer,PROD001014,Utensils - 706,Household Items,Utensils,120,India,South,Gujarat,Village,380001,1014,5351.99,9,0.04,1104.57
ORD001015,10-04-2023,07-03-2020,11-04-2023,Same Day,Large,2019,CUST001015,Cody Mitchell,30-05-2011,Corporate,PROD001015,Tables - 105,Furniture,Tables,11,India,South,Madhya Pradesh,Village,462001,1015,3920.2,7,0.49,210.31
ORD001016,04-03-2019,23-01-2019,09-03-2019,First Class,Small,2021,CUST001016,Ashlee Powell,26-10-1967,Consumer,PROD001016,Refrigerators - 534,Electric Appliances,Refrigerators,26,India,South,Karnataka,Tier 1,560001,1016,30816,10,0.15,6391.27
ORD001017,01-01-2020,07-08-2019,04-01-2020,Standard Class,Medium,2021,CUST001017,Peter Johnson,02-03-1969,Corporate,PROD001017,Fries - 188,Fast Food,Fries,79,India,West,West Bengal,Village,700001,1017,36027.4,5,0.42,2780.41
ORD001018,06-09-2020,14-05-2022,13-09-2020,Standard Class,Medium,2019,CUST001018,Joshua Malone,15-02-2000,Corporate,PROD001018,Tomatoes - 650,Sessional Fruits & Vegetables,Tomatoes,111,India,North,Maharashtra,Tier 2,400001,1018,35393.99,1,0.05,8068.17
ORD001019,13-11-2021,18-01-2020,17-11-2021,First Class,Small,2019,CUST001019,Alan Sanchez,22-01-1964,Consumer,PROD001019,Utensils - 642,Household Items,Utensils,108,India,West,Rajasthan,Tier 2,302001,1019,13905.96,2,0.49,1455.77
ORD001020,24-04-2023,06-11-2020,27-04-2023,Same Day,Medium,2020,CUST001020,Gwendolyn Jones,29-09-1956,Consumer,PROD001020,Milk - 764,Dairy Products,Milk,50,India,South,Maharashtra,Village,400001,1020,25006.13,3,0.27,2998.93
ORD001021,11-09-2019,19-03-2023,18-09-2019,Standard Class,Medium,2022,CUST001021,Brandon Hodges,11-07-1982,Corporate,PROD001021,Microwaves - 966,Electric Appliances,Microwaves,41,India,South,Maharashtra,Tier 2,400001,1021,20263.86,4,0.26,4054.15
ORD001022,17-01-2023,17-02-2022,23-01-2023,First Class,Large,2021,CUST001022,Samuel Holland,25-09-2001,Corporate,PROD001022,Tomatoes - 360,Sessional Fruits & Vegetables,Tomatoes,102,India,South,Tamil Nadu,Tier 2,600001,1022,25690.31,3,0.38,4270.5
ORD001023,25-04-2023,25-01-2021,27-04-2023,Second Class,Small,2021,CUST001023,Victor Wilson,08-07-1983,Corporate,PROD001023,Carrots - 572,Sessional Fruits & Vegetables,Carrots,83,India,North,Gujarat,Tier 2,380001,1023,32462.8,8,0.04,6662.67
ORD001024,19-06-2020,14-10-2021,23-06-2020,Second Class,Large,2021,CUST001024,Penny Wright,24-06-1969,Corporate,PROD001024,Beds - 684,Furniture,Beds,11,India,South,Madhya Pradesh,Village,462001,1024,30197.62,7,0.36,5256.42
ORD001025,15-11-2022,25-05-2019,19-11-2022,First Class,Small,2022,CUST001025,Shane Garcia,26-08-1995,Corporate,PROD001025,Buckets - 235,Household Items,Buckets,56,India,North,Uttar Pradesh,Village,226001,1025,47513.06,3,0.46,7261.98
ORD001026,06-06-2022,27-01-2019,08-06-2022,Same Day,Medium,2019,CUST001026,Eric Marshall,04-12-1974,Corporate,PROD001026,Washing Machines - 911,Electric Appliances,Washing Machines,66,India,South,Rajasthan,Village,302001,1026,41535.05,9,0.37,4403.9
ORD001027,12-05-2022,26-10-2019,14-05-2022,Same Day,Large,2021,CUST001027,Crystal Goodman,19-03-2014,Corporate,PROD001027,Carrots - 472,Sessional Fruits & Vegetables,Carrots,48,India,East,Uttar Pradesh,Tier 1,226001,1027,20757.88,10,0.31,3738.6
ORD001028,05-01-2022,04-05-2022,10-01-2022,Same Day,Medium,2019,CUST001028,Kimberly Garrett,11-12-1961,Corporate,PROD001028,Butter - 820,Dairy Products,Butter,64,India,North,Gujarat,Tier 1,380001,1028,25832.1,7,0.39,2223.02
ORD001029,30-06-2022,15-11-2019,04-07-2022,First Class,Large,2021,CUST001029,Justin Taylor,17-12-1998,Consumer,PROD001029,Burgers - 863,Fast Food,Burgers,83,India,North,Gujarat,Tier 2,380001,1029,32851.72,5,0.15,6185.51
ORD001030,24-12-2021,28-10-2021,25-12-2021,Standard Class,Small,2023,CUST001030,Kelly Huff,03-01-1969,Corporate,PROD001030,Detergents - 945,Household Items,Detergents,8,India,East,Karnataka,Tier 1,560001,1030,13455.4,3,0.23,1595.76
ORD001031,21-05-2023,25-06-2023,23-05-2023,Same Day,Small,2023,CUST001031,Frederick Rogers,22-05-1990,Corporate,PROD001031,Cheese - 398,Dairy Products,Cheese,98,India,South,Delhi,Village,110001,1031,39567.38,3,0.49,3148.54
ORD001032,31-05-2022,18-08-2020,01-06-2022,Standard Class,Small,2019,CUST001032,Angela Howell,06-12-1987,Consumer,PROD001032,Chairs - 258,Furniture,Chairs,42,India,North,Punjab,Village,160001,1032,19015.38,9,0.28,1400.58
ORD001033,21-01-2023,30-01-2019,24-01-2023,Standard Class,Medium,2022,CUST001033,Lisa Brennan,21-09-2004,Corporate,PROD001033,Fans - 346,Electric Appliances,Fans,40,India,North,Rajasthan,Village,302001,1033,15316.04,10,0.39,2133.47
ORD001034,11-06-2019,18-07-2022,16-06-2019,First Class,Large,2022,CUST001034,Brent Casey,28-02-2005,Corporate,PROD001034,Yogurt - 536,Dairy Products,Yogurt,101,India,North,Madhya Pradesh,Tier 1,462001,1034,39821.53,1,0.07,7390.6
ORD001035,03-11-2019,21-11-2020,04-11-2019,Second Class,Large,2023,CUST001035,Nancy Zimmerman,20-02-1979,Consumer,PROD001035,Milk - 587,Dairy Products,Milk,89,India,West,Tamil Nadu,Tier 2,600001,1035,859.25,1,0.43,74.29
ORD001036,28-09-2022,24-12-2021,30-09-2022,Standard Class,Large,2023,CUST001036,Angela Berry,06-12-1992,Consumer,PROD001036,Cheese - 900,Dairy Products,Cheese,3,India,North,Maharashtra,Village,400001,1036,44413.65,8,0.39,5552.51
ORD001037,25-09-2021,01-05-2019,27-09-2021,Standard Class,Small,2023,CUST001037,Stephanie Huff,28-01-1972,Consumer,PROD001037,Fries - 505,Fast Food,Fries,16,India,North,Rajasthan,Tier 2,302001,1037,28764.4,3,0.31,4599.39
ORD001038,05-02-2020,25-11-2020,09-02-2020,Standard Class,Large,2022,CUST001038,Joseph Lang,07-03-1951,Corporate,PROD001038,Burgers - 136,Fast Food,Burgers,92,India,East,West Bengal,Tier 2,700001,1038,36572.52,6,0.31,4322.73
ORD001039,09-10-2019,19-01-2023,13-10-2019,Same Day,Small,2023,CUST001039,Michelle Hodges,16-03-1998,Consumer,PROD001039,Microwaves - 709,Electric Appliances,Microwaves,13,India,North,Uttar Pradesh,Tier 1,226001,1039,36828.47,4,0.29,6145.59
ORD001040,15-10-2020,18-11-2021,16-10-2020,First Class,Small,2020,CUST001040,Nicholas Marshall,01-07-1955,Consumer,PROD001040,Pizzas - 466,Fast Food,Pizzas,83,India,North,Gujarat,Tier 2,380001,1040,36508.02,4,0.5,4948.95
ORD001041,30-03-2020,21-08-2019,03-04-2020,Second Class,Small,2023,CUST001041,Kimberly Garcia,13-12-1971,Corporate,PROD001041,Utensils - 569,Household Items,Utensils,23,India,South,Rajasthan,Tier 2,302001,1041,35275.22,9,0.06,5487.98
ORD001042,16-06-2022,25-07-2021,18-06-2022,Same Day,Medium,2022,CUST001042,Robert Jacobs,23-10-1996,Corporate,PROD001042,Detergents - 567,Household Items,Detergents,52,India,West,Gujarat,Village,380001,1042,20523.85,4,0.36,2560.05
ORD001043,26-02-2022,12-07-2022,03-03-2022,Same Day,Small,2019,CUST001043,Teresa Cowan,17-12-1959,Corporate,PROD001043,Apples - 538,Sessional Fruits & Vegetables,Apples,75,India,North,Tamil Nadu,Village,600001,1043,30509.7,6,0.07,3738.81
ORD001044,03-11-2022,01-03-2021,07-11-2022,Standard Class,Large,2023,CUST001044,David Robinson,07-06-1979,Consumer,PROD001044,Sandwiches - 588,Fast Food,Sandwiches,13,India,North,Uttar Pradesh,Tier 1,226001,1044,33299.05,3,0.44,3712.93
ORD001045,20-08-2019,04-12-2023,22-08-2019,First Class,Small,2023,CUST001045,Benjamin Sherman,20-02-1977,Corporate,PROD001045,Utensils - 973,Household Items,Utensils,56,India,North,Uttar Pradesh,Village,226001,1045,42644.88,6,0.49,5241.97
ORD001046,25-06-2019,03-09-2022,30-06-2019,First Class,Medium,2019,CUST001046,Sara Reed,03-09-1954,Corporate,PROD001046,Tables - 518,Furniture,Tables,42,India,North,Punjab,Village,160001,1046,49780.49,5,0.45,7429.81
ORD001047,19-06-2023,18-06-2019,20-06-2023,Standard Class,Small,2020,CUST001047,Timothy Taylor,11-06-1975,Corporate,PROD001047,Burgers - 220,Fast Food,Burgers,58,India,North,Karnataka,Tier 2,560001,1047,47216.22,8,0.49,7100.86
ORD001048,05-03-2019,25-09-2021,10-03-2019,Standard Class,Small,2021,CUST001048,John Sharp,23-02-1983,Corporate,PROD001048,Washing Machines - 805,Electric Appliances,Washing Machines,19,India,North,Punjab,Tier 1,160001,1048,13650.21,3,0.25,2660.18
ORD001049,31-08-2020,03-06-2021,05-09-2020,Standard Class,Medium,2023,CUST001049,Alejandro Burke,03-04-1964,Consumer,PROD001049,Microwaves - 123,Electric Appliances,Microwaves,91,India,West,Gujarat,Tier 1,380001,1049,20621.44,7,0.35,3626.47
ORD001050,08-08-2022,16-03-2021,10-08-2022,Same Day,Large,2020,CUST001050,Richard Price,13-10-2010,Corporate,PROD001050,Sandwiches - 139,Fast Food,Sandwiches,88,India,East,Maharashtra,Tier 1,400001,1050,38262.75,8,0.13,8963.95
ORD001051,03-11-2022,18-04-2023,09-11-2022,Same Day,Medium,2021,CUST001051,Amy Shaw,18-07-1961,Corporate,PROD001051,Sofas - 485,Furniture,Sofas,57,India,South,Madhya Pradesh,Tier 2,462001,1051,41092.64,5,0.32,7317.45
ORD001052,19-08-2021,10-09-2021,24-08-2021,Second Class,Large,2019,CUST001052,Marie Hicks,07-11-1957,Corporate,PROD001052,Tomatoes - 348,Sessional Fruits & Vegetables,Tomatoes,32,India,North,Maharashtra,Tier 1,400001,1052,22067.51,1,0.46,2280.06
ORD001053,02-02-2020,12-07-2020,04-02-2020,Same Day,Medium,2023,CUST001053,Annette Blevins,08-10-1988,Corporate,PROD001053,Fans - 102,Electric Appliances,Fans,40,India,North,Rajasthan,Village,302001,1053,41600.87,2,0.43,4662.09
ORD001054,15-08-2022,30-06-2019,18-08-2022,Same Day,Medium,2022,CUST001054,Jerry Stevens,24-06-1997,Consumer,PROD001054,Yogurt - 874,Dairy Products,Yogurt,86,India,South,Uttar Pradesh,Tier 2,226001,1054,18074.57,10,0.41,2844.95
ORD001055,11-03-2020,19-02-2023,12-03-2020,Same Day,Small,2020,CUST001055,Kristine Burgess,30-10-1963,Consumer,PROD001055,Buckets - 756,Household Items,Buckets,34,India,North,Punjab,Tier 2,160001,1055,10712.84,2,0.46,828.23
ORD001056,09-06-2022,19-03-2022,14-06-2022,First Class,Large,2021,CUST001056,Christie Brown,02-02-1973,Corporate,PROD001056,Sofas - 634,Furniture,Sofas,8,India,East,Karnataka,Tier 1,560001,1056,40104.09,5,0.32,4135.8
ORD001057,04-04-2020,21-03-2022,09-04-2020,Standard Class,Large,2020,CUST001057,Amber Kelly,10-03-2000,Corporate,PROD001057,Yogurt - 184,Dairy Products,Yogurt,45,India,West,Karnataka,Tier 2,560001,1057,43234.27,5,0.48,3497.18
ORD001058,02-08-2022,02-06-2023,04-08-2022,Same Day,Medium,2020,CUST001058,James Lane,13-05-1989,Corporate,PROD001058,Microwaves - 908,Electric Appliances,Microwaves,69,India,North,Madhya Pradesh,Village,462001,1058,22298.59,6,0.02,2491.41
ORD001059,06-09-2021,26-05-2022,08-09-2021,First Class,Medium,2019,CUST001059,Steve Harrell,30-04-2018,Corporate,PROD001059,Tables - 129,Furniture,Tables,68,India,West,Punjab,Tier 2,160001,1059,6953.41,4,0.46,1044.6
ORD001060,18-02-2020,08-11-2020,23-02-2020,Standard Class,Small,2019,CUST001060,Thomas Roy,06-03-1990,Consumer,PROD001060,Tables - 963,Furniture,Tables,74,India,West,Tamil Nadu,Village,600001,1060,17963.43,10,0.49,1364.09
ORD001061,05-12-2021,10-03-2020,12-12-2021,Second Class,Medium,2020,CUST001061,Heather Rubio,08-10-2017,Corporate,PROD001061,Tomatoes - 207,Sessional Fruits & Vegetables,Tomatoes,33,India,South,Delhi,Tier 1,110001,1061,26319.87,10,0.11,2674.88
ORD001062,02-08-2019,02-06-2023,05-08-2019,Standard Class,Medium,2023,CUST001062,Gina Davidson,02-08-1989,Consumer,PROD001062,Yogurt - 665,Dairy Products,Yogurt,57,India,South,Madhya Pradesh,Tier 2,462001,1062,5236.14,5,0.05,1263.72
ORD001063,17-07-2023,09-05-2022,18-07-2023,First Class,Medium,2021,CUST001063,Chris Sparks,13-09-2008,Consumer,PROD001063,Washing Machines - 845,Electric Appliances,Washing Machines,28,India,West,Uttar Pradesh,Village,226001,1063,29586.25,10,0.31,4931.19
ORD001064,06-06-2023,12-07-2021,12-06-2023,Same Day,Medium,2022,CUST001064,Thomas Ferrell,02-04-1952,Consumer,PROD001064,Pizzas - 841,Fast Food,Pizzas,118,India,West,Maharashtra,Village,400001,1064,15791.51,8,0.13,1834.87
ORD001065,04-09-2019,06-03-2021,08-09-2019,Standard Class,Large,2021,CUST001065,Raymond Owens,26-06-1960,Corporate,PROD001065,Mangoes - 448,Sessional Fruits & Vegetables,Mangoes,75,India,North,Tamil Nadu,Village,600001,1065,17027.65,6,0.16,4090.85
ORD001066,15-02-2021,13-05-2023,19-02-2021,Same Day,Large,2021,CUST001066,Matthew Marsh,10-03-1978,Consumer,PROD001066,Refrigerators - 830,Electric Appliances,Refrigerators,46,India,North,West Bengal,Tier 1,700001,1066,45432.77,10,0.28,6737.1
ORD001067,06-05-2023,28-11-2023,07-05-2023,Second Class,Large,2023,CUST001067,Leroy Lindsey,28-05-1988,Corporate,PROD001067,Tables - 958,Furniture,Tables,52,India,West,Gujarat,Village,380001,1067,26228.9,6,0.14,3356.81
ORD001068,01-07-2019,21-06-2019,08-07-2019,Same Day,Medium,2022,CUST001068,Lisa Gomez,21-03-1965,Corporate,PROD001068,Washing Machines - 117,Electric Appliances,Washing Machines,64,India,North,Gujarat,Tier 1,380001,1068,9574.36,2,0.36,1505.78
ORD001069,28-07-2019,19-06-2019,30-07-2019,First Class,Medium,2021,CUST001069,Karen Bates,04-06-2015,Consumer,PROD001069,Yogurt - 500,Dairy Products,Yogurt,79,India,West,West Bengal,Village,700001,1069,31850.21,7,0.29,4717.73
ORD001070,14-01-2022,12-09-2023,15-01-2022,Standard Class,Large,2021,CUST001070,Amber Harris,11-08-1951,Corporate,PROD001070,Milk - 192,Dairy Products,Milk,94,India,West,West Bengal,Tier 2,700001,1070,31828.37,2,0.23,5717.3
ORD001071,04-12-2023,14-03-2020,07-12-2023,First Class,Large,2020,CUST001071,Margaret Jenkins,04-07-1960,Corporate,PROD001071,Mops - 714,Household Items,Mops,92,India,East,West Bengal,Tier 2,700001,1071,29711.09,4,0.39,4553.06
ORD001072,23-06-2021,19-06-2020,27-06-2021,Second Class,Medium,2020,CUST001072,Stacey Brown,04-12-1964,Consumer,PROD001072,Buckets - 635,Household Items,Buckets,89,India,West,Tamil Nadu,Tier 2,600001,1072,27649.3,5,0.11,5300.28
ORD001073,24-07-2023,03-09-2022,29-07-2023,Same Day,Medium,2022,CUST001073,Michael Esparza,11-05-1987,Consumer,PROD001073,Detergents - 396,Household Items,Detergents,40,India,North,Rajasthan,Village,302001,1073,2036.87,6,0.45,226.33
ORD001074,17-01-2019,29-07-2019,21-01-2019,Standard Class,Large,2021,CUST001074,Kelly Morris,07-12-1993,Corporate,PROD001074,Chairs - 311,Furniture,Chairs,24,India,West,Rajasthan,Tier 1,302001,1074,2606.68,10,0.12,341.46
ORD001075,13-11-2021,07-05-2023,14-11-2021,First Class,Large,2022,CUST001075,Brandon Lewis,01-04-1964,Corporate,PROD001075,Butter - 571,Dairy Products,Butter,12,India,East,Madhya Pradesh,Village,462001,1075,24261.12,4,0.48,1906.35
ORD001076,27-07-2023,29-05-2021,28-07-2023,First Class,Small,2021,CUST001076,Haley Perez,28-12-1995,Corporate,PROD001076,Microwaves - 623,Electric Appliances,Microwaves,119,India,South,Uttar Pradesh,Village,226001,1076,30680.57,5,0.22,3123.16
ORD001077,17-09-2022,25-03-2022,18-09-2022,Second Class,Medium,2023,CUST001077,Scott Skinner,27-09-1952,Consumer,PROD001077,Chairs - 798,Furniture,Chairs,6,India,South,Uttar Pradesh,Tier 1,226001,1077,21073.67,2,0.31,3084.18
ORD001078,17-02-2020,23-01-2023,22-02-2020,Standard Class,Medium,2020,CUST001078,Kristy Perez,01-05-1973,Consumer,PROD001078,Microwaves - 889,Electric Appliances,Microwaves,3,India,North,Maharashtra,Village,400001,1078,48484.42,5,0.42,4971.95
ORD001079,03-01-2020,13-09-2023,04-01-2020,Standard Class,Medium,2021,CUST001079,Adam Medina,01-03-1994,Corporate,PROD001079,Mangoes - 628,Sessional Fruits & Vegetables,Mangoes,62,India,South,Tamil Nadu,Village,600001,1079,44839.49,9,0.07,6617.52
ORD001080,14-02-2019,17-01-2022,19-02-2019,Same Day,Large,2019,CUST001080,Michael Smith,11-06-1971,Consumer,PROD001080,Mops - 652,Household Items,Mops,11,India,South,Madhya Pradesh,Village,462001,1080,6045.6,9,0.01,1685.84
ORD001081,11-08-2022,20-01-2022,14-08-2022,First Class,Small,2022,CUST001081,Patricia Gordon,16-12-2002,Consumer,PROD001081,Tomatoes - 459,Sessional Fruits & Vegetables,Tomatoes,54,India,South,Delhi,Tier 2,110001,1081,27537.91,1,0.35,3104.02
ORD001082,07-02-2021,12-09-2022,13-02-2021,Second Class,Medium,2021,CUST001082,Brandon Clark,09-02-2013,Consumer,PROD001082,Chairs - 992,Furniture,Chairs,103,India,East,West Bengal,Village,700001,1082,49560.34,1,0.43,4085.1
ORD001083,24-08-2019,21-08-2022,30-08-2019,Standard Class,Large,2020,CUST001083,Andrea Page,16-03-1995,Corporate,PROD001083,Fries - 870,Fast Food,Fries,35,India,North,Tamil Nadu,Tier 2,600001,1083,49976.51,5,0.17,11593.4
ORD001084,21-03-2020,05-05-2020,22-03-2020,Standard Class,Medium,2021,CUST001084,James Taylor,21-08-2006,Corporate,PROD001084,Butter - 755,Dairy Products,Butter,108,India,West,Rajasthan,Tier 2,302001,1084,16185.34,1,0.12,3417.67
ORD001085,27-03-2019,06-01-2021,31-03-2019,Standard Class,Small,2020,CUST001085,James Strong,27-12-2013,Consumer,PROD001085,Washing Machines - 624,Electric Appliances,Washing Machines,8,India,East,Karnataka,Tier 1,560001,1085,34098.78,3,0.49,3316.85
ORD001086,28-03-2020,12-08-2020,03-04-2020,Same Day,Small,2023,CUST001086,Jessica Hart,16-07-1978,Corporate,PROD001086,Microwaves - 205,Electric Appliances,Microwaves,23,India,South,Rajasthan,Tier 2,302001,1086,30055.67,10,0.24,5462.25
ORD001087,28-07-2019,23-09-2019,03-08-2019,Second Class,Medium,2022,CUST001087,Cynthia Tucker,28-05-1970,Consumer,PROD001087,Sofas - 997,Furniture,Sofas,90,India,East,Maharashtra,Tier 2,400001,1087,43325.11,9,0.37,7193.89
ORD001088,30-10-2019,31-10-2022,01-11-2019,First Class,Large,2022,CUST001088,Allison Avery,08-11-1962,Consumer,PROD001088,Sofas - 671,Furniture,Sofas,92,India,East,West Bengal,Tier 2,700001,1088,49913.08,7,0.45,4768.6
ORD001089,14-06-2021,20-04-2021,21-06-2021,Second Class,Small,2022,CUST001089,Eric Black,03-10-1992,Corporate,PROD001089,Beds - 786,Furniture,Beds,2,India,West,Madhya Pradesh,Village,462001,1089,45441.56,1,0.09,4935.05
ORD001090,10-08-2021,08-04-2019,17-08-2021,Same Day,Small,2021,CUST001090,Jennifer Garcia,28-11-1986,Corporate,PROD001090,Sofas - 738,Furniture,Sofas,44,India,North,Delhi,Tier 1,110001,1090,26309.47,4,0.27,3584.24
ORD001091,07-11-2021,12-02-2023,10-11-2021,First Class,Medium,2023,CUST001091,Victor Drake,08-07-1968,Consumer,PROD001091,Carrots - 973,Sessional Fruits & Vegetables,Carrots,51,India,West,Delhi,Tier 1,110001,1091,24439.68,3,0.4,2744.34
ORD001092,28-09-2019,02-09-2019,04-10-2019,First Class,Medium,2022,CUST001092,John Walters,15-02-2014,Corporate,PROD001092,Milk - 453,Dairy Products,Milk,74,India,West,Tamil Nadu,Village,600001,1092,27382.52,1,0.25,3702.69
ORD001093,28-04-2020,30-01-2020,30-04-2020,Standard Class,Medium,2022,CUST001093,Jasmine Whitney,15-07-1987,Consumer,PROD001093,Utensils - 200,Household Items,Utensils,66,India,South,Rajasthan,Village,302001,1093,3016.63,4,0.35,569.78
ORD001094,26-04-2022,13-01-2019,01-05-2022,First Class,Large,2020,CUST001094,Brandon Boone,10-12-2005,Consumer,PROD001094,Butter - 977,Dairy Products,Butter,12,India,East,Madhya Pradesh,Village,462001,1094,30241.65,10,0.28,5349.64
ORD001095,09-06-2023,29-10-2022,10-06-2023,First Class,Small,2019,CUST001095,Joseph Mitchell,23-07-1993,Consumer,PROD001095,Tomatoes - 597,Sessional Fruits & Vegetables,Tomatoes,78,India,North,Rajasthan,Tier 1,302001,1095,11653.38,8,0.39,2040.2
ORD001096,01-11-2019,14-08-2019,02-11-2019,Same Day,Medium,2020,CUST001096,Michael West,03-03-1958,Consumer,PROD001096,Burgers - 619,Fast Food,Burgers,6,India,South,Uttar Pradesh,Tier 1,226001,1096,24739.35,6,0.34,2919.21
ORD001097,24-08-2023,29-06-2019,29-08-2023,Same Day,Large,2021,CUST001097,Kathryn Torres,27-10-1981,Consumer,PROD001097,Tables - 834,Furniture,Tables,38,India,East,Punjab,Tier 1,160001,1097,31002.32,4,0.33,4189.32
ORD001098,19-04-2019,05-03-2022,23-04-2019,First Class,Large,2022,CUST001098,Tiffany Reynolds,16-07-2009,Consumer,PROD001098,Tables - 491,Furniture,Tables,75,India,North,Tamil Nadu,Village,600001,1098,3094.39,10,0.15,337.03
ORD001099,19-06-2023,29-04-2019,22-06-2023,Standard Class,Large,2020,CUST001099,Natalie Edwards,25-03-2011,Corporate,PROD001099,Butter - 490,Dairy Products,Butter,34,India,North,Punjab,Tier 2,160001,1099,47808.57,8,0.05,11090.77
ORD001100,29-11-2022,22-04-2023,06-12-2022,First Class,Large,2021,CUST001100,Melissa Miller,06-03-1964,Consumer,PROD001100,Detergents - 773,Household Items,Detergents,108,India,West,Rajasthan,Tier 2,302001,1100,38446.13,3,0.22,8289.66
ORD001101,28-07-2023,27-10-2019,04-08-2023,Second Class,Large,2022,CUST001101,Ryan Mccormick,15-08-2000,Consumer,PROD001101,Beds - 903,Furniture,Beds,41,India,South,Maharashtra,Tier 2,400001,1101,9276.06,1,0.47,1460.36
ORD001102,11-04-2023,08-12-2019,16-04-2023,First Class,Small,2020,CUST001102,Erica Crawford,03-09-2015,Corporate,PROD001102,Mops - 454,Household Items,Mops,87,India,East,West Bengal,Tier 1,700001,1102,24001.08,4,0.48,3448.25
ORD001103,20-12-2022,10-04-2022,22-12-2022,Same Day,Medium,2021,CUST001103,Kaitlin Mahoney,13-12-1964,Corporate,PROD001103,Tomatoes - 596,Sessional Fruits & Vegetables,Tomatoes,106,India,East,Karnataka,Village,560001,1103,21392.22,5,0.49,3107.38
ORD001104,20-04-2020,06-03-2019,21-04-2020,Same Day,Small,2020,CUST001104,Debbie Bell,12-10-1999,Corporate,PROD001104,Yogurt - 660,Dairy Products,Yogurt,88,India,East,Maharashtra,Tier 1,400001,1104,29976.63,3,0.41,3355.85
ORD001105,10-02-2019,10-07-2019,12-02-2019,Same Day,Medium,2020,CUST001105,Michael Ferguson,16-12-1992,Consumer,PROD001105,Tomatoes - 157,Sessional Fruits & Vegetables,Tomatoes,39,India,East,Karnataka,Tier 2,560001,1105,9767.28,2,0.4,1091.86
ORD001106,31-08-2022,04-12-2023,05-09-2022,Same Day,Large,2022,CUST001106,Lauren Fox,07-09-2008,Corporate,PROD001106,Utensils - 506,Household Items,Utensils,52,India,West,Gujarat,Village,380001,1106,15427.78,8,0.23,2277.96
ORD001107,08-12-2020,23-08-2021,10-12-2020,Same Day,Medium,2019,CUST001107,Brenda Harris,24-11-1983,Corporate,PROD001107,Carrots - 598,Sessional Fruits & Vegetables,Carrots,8,India,East,Karnataka,Tier 1,560001,1107,2811.65,6,0.16,454.09
ORD001108,29-06-2023,27-02-2021,04-07-2023,Same Day,Small,2022,CUST001108,Susan Atkins,13-05-1974,Corporate,PROD001108,Buckets - 723,Household Items,Buckets,9,India,East,Madhya Pradesh,Tier 2,462001,1108,1986.85,5,0.22,260.99
ORD001109,03-05-2022,05-09-2021,08-05-2022,Standard Class,Large,2019,CUST001109,Margaret Haynes,10-02-2003,Consumer,PROD001109,Butter - 362,Dairy Products,Butter,45,India,West,Karnataka,Tier 2,560001,1109,12742.05,7,0.17,1812.81
ORD001110,07-12-2021,14-03-2020,14-12-2021,Standard Class,Large,2020,CUST001110,Anthony Hines,27-04-1974,Consumer,PROD001110,Cheese - 331,Dairy Products,Cheese,70,India,North,Uttar Pradesh,Tier 2,226001,1110,6882.71,10,0.11,1474.22
ORD001111,18-06-2020,14-11-2020,19-06-2020,Standard Class,Small,2021,CUST001111,Lauren Ortiz,21-07-1967,Corporate,PROD001111,Tables - 529,Furniture,Tables,50,India,South,Maharashtra,Village,400001,1111,29972.18,6,0.31,3690.72
ORD001112,13-05-2020,08-10-2022,17-05-2020,Standard Class,Small,2023,CUST001112,Timothy Duffy,21-10-1976,Corporate,PROD001112,Utensils - 355,Household Items,Utensils,2,India,West,Madhya Pradesh,Village,462001,1112,31900.55,10,0.34,5387.97
ORD001113,10-07-2021,15-03-2021,14-07-2021,Standard Class,Small,2019,CUST001113,Michelle Rocha,12-01-2011,Corporate,PROD001113,Refrigerators - 612,Electric Appliances,Refrigerators,34,India,North,Punjab,Tier 2,160001,1113,23454.27,2,0.29,2425.18
ORD001114,18-01-2020,10-09-2020,20-01-2020,Same Day,Medium,2019,CUST001114,Selena Burke,25-08-1971,Corporate,PROD001114,Mops - 229,Household Items,Mops,89,India,West,Tamil Nadu,Tier 2,600001,1114,4581.02,7,0.34,359.57
ORD001115,25-07-2019,08-04-2020,01-08-2019,Same Day,Medium,2019,CUST001115,Arthur Knapp,12-09-1960,Corporate,PROD001115,Yogurt - 874,Dairy Products,Yogurt,103,India,East,West Bengal,Village,700001,1115,5678.11,4,0.2,762.63
